agence_id,mois,objectif_revenu,objectif_nouveaux_clients,objectif_production_credit,seuil_taux_impaye_pct
A001,2023-01,14.74,3,224107.22,3.06
A001,2023-02,62.49,1,10000.0,2.08
A001,2023-03,10.73,1,29796.99,4.17
A001,2023-04,45.06,3,113166.09,4.32
A001,2023-05,12.36,2,30742.91,2.28
A001,2023-06,10.0,2,27288.18,4.83
A001,2023-07,22.21,4,22259.13,4.2
A001,2023-08,34.9,1,33595.8,3.36
A001,2023-09,54.33,1,33266.5,2.28
A001,2023-10,13.59,3,17428.76,3.71
A001,2023-11,13.32,2,32071.49,3.85
A001,2023-12,25.55,5,33425.77,3.27
A001,2024-01,34.52,1,13888.17,2.27
A001,2024-02,53.9,2,25686.9,3.25
A001,2024-03,66.57,2,32867.44,4.41
A001,2024-04,35.28,3,31093.91,2.89
A001,2024-05,41.85,3,34010.34,2.18
A001,2024-06,51.07,2,26337.41,3.93
A001,2024-07,32.76,1,32489.68,2.48
A001,2024-08,16.86,2,25475.7,4.95
A001,2024-09,122.38,1,25489.74,3.03
A001,2024-10,63.83,2,29157.15,2.29
A001,2024-11,42.32,2,19285.74,4.03
A001,2024-12,14.16,1,26853.97,2.8
A001,2025-01,29.27,1,28568.96,2.26
A001,2025-02,49.84,2,33540.25,2.23
A001,2025-03,57.96,1,29140.39,3.53
A001,2025-04,56.9,4,30211.01,3.85
A001,2025-05,43.01,2,445607.47,3.33
A001,2025-06,12.89,4,146259.26,3.38
A001,2025-07,58.01,2,32294.5,4.25
A001,2025-08,19.18,1,33503.07,4.07
A001,2025-09,52.24,2,17314.97,4.08
A001,2025-10,16.59,2,23285.76,2.51
A001,2025-11,73.47,4,140249.67,2.75
A001,2025-12,50.71,3,28951.08,2.25
A001,2026-01,71.82,3,30648.94,2.88
A001,2026-02,52.28,2,34438.29,2.48
A001,2026-03,54.45,2,23431.67,3.77
A001,2026-04,66.93,1,22900.95,3.77
A001,2026-05,10.05,2,28306.86,4.0
A001,2026-06,50.12,3,22942.08,3.85
A002,2023-01,50.71,2,20902.74,2.81
A002,2023-02,27.34,1,22445.26,3.67
A002,2023-03,19.01,2,18360.2,2.44
A002,2023-04,25.16,2,15998.51,2.03
A002,2023-05,43.43,2,22443.79,2.96
A002,2023-06,49.84,2,17526.99,2.01
A002,2023-07,34.8,1,290843.73,4.21
A002,2023-08,65.49,2,15227.19,2.52
A002,2023-09,24.76,2,258610.99,2.3
A002,2023-10,30.32,1,18897.68,2.51
A002,2023-11,37.62,1,17566.37,3.66
A002,2023-12,31.06,4,10000.0,2.71
A002,2024-01,37.24,4,23648.52,3.42
A002,2024-02,15.63,1,20394.33,4.69
A002,2024-03,12.05,1,23972.46,3.82
A002,2024-04,47.06,1,16588.9,4.18
A002,2024-05,16.64,2,22064.46,4.31
A002,2024-06,10.0,2,23842.91,4.23
A002,2024-07,13.63,1,20731.92,3.37
A002,2024-08,40.06,4,22540.61,2.44
A002,2024-09,36.19,2,19023.22,2.62
A002,2024-10,10.0,4,17498.14,3.1
A002,2024-11,52.56,7,20812.58,2.74
A002,2024-12,24.04,4,10000.0,2.73
A002,2025-01,27.76,2,11185.56,4.39
A002,2025-02,63.23,2,19684.35,4.1
A002,2025-03,29.06,1,23300.96,2.63
A002,2025-04,52.67,2,15853.8,4.33
A002,2025-05,37.46,1,19909.75,2.85
A002,2025-06,95.98,4,17212.54,4.5
A002,2025-07,69.97,1,221174.36,2.34
A002,2025-08,48.57,1,10000.0,2.21
A002,2025-09,37.17,1,10700.18,3.68
A002,2025-10,33.51,4,17204.07,3.47
A002,2025-11,42.9,3,23847.22,2.47
A002,2025-12,51.55,1,20805.11,3.87
A002,2026-01,18.6,2,16057.78,3.02
A002,2026-02,79.55,7,22261.91,3.32
A002,2026-03,29.47,2,23240.36,3.45
A002,2026-04,42.31,4,20543.14,4.74
A002,2026-05,10.0,5,17183.0,4.08
A002,2026-06,10.0,4,21287.24,3.27
A003,2023-01,35.51,2,131246.75,4.4
A003,2023-02,21.45,1,167232.08,4.98
A003,2023-03,10.0,1,137129.1,2.24
A003,2023-04,24.77,2,184087.77,3.43
A003,2023-05,13.62,2,182606.48,3.62
A003,2023-06,31.61,2,274878.98,3.76
A003,2023-07,10.0,3,144100.33,3.64
A003,2023-08,22.69,2,182651.68,3.03
A003,2023-09,10.34,3,152483.71,4.89
A003,2023-10,10.22,1,25832.26,3.32
A003,2023-11,22.23,1,132903.73,3.69
A003,2023-12,31.57,1,10000.0,4.51
A003,2024-01,18.59,3,167755.86,4.14
A003,2024-02,54.35,3,176689.29,3.77
A003,2024-03,14.09,1,155797.23,2.41
A003,2024-04,31.2,1,490138.88,3.91
A003,2024-05,21.0,2,145673.11,3.82
A003,2024-06,27.83,2,131038.81,4.18
A003,2024-07,10.0,1,174282.82,2.74
A003,2024-08,10.0,7,140917.55,2.5
A003,2024-09,14.15,1,248266.67,2.25
A003,2024-10,120.75,2,143516.27,4.8
A003,2024-11,49.73,2,187658.78,3.11
A003,2024-12,35.9,2,137795.06,3.22
A003,2025-01,10.0,2,136027.94,3.68
A003,2025-02,60.64,2,125969.45,4.46
A003,2025-03,29.58,2,145618.75,4.28
A003,2025-04,13.99,1,177728.03,3.89
A003,2025-05,10.0,1,176555.31,2.58
A003,2025-06,76.83,5,171976.52,3.65
A003,2025-07,10.05,2,137767.16,3.99
A003,2025-08,30.03,1,10000.0,3.88
A003,2025-09,55.06,2,174501.95,3.86
A003,2025-10,13.66,1,176145.59,2.79
A003,2025-11,42.51,3,155610.19,2.66
A003,2025-12,31.01,1,147109.41,3.4
A003,2026-01,48.24,2,121831.3,4.41
A003,2026-02,34.19,1,160803.31,4.95
A003,2026-03,10.0,2,308892.81,2.94
A003,2026-04,69.86,1,159705.33,3.05
A003,2026-05,38.04,1,131180.8,3.04
A003,2026-06,43.11,2,178283.42,4.81
A004,2023-01,12.15,1,10000.0,3.88
A004,2023-02,10.0,3,18611.48,2.1
A004,2023-03,54.42,2,26402.35,3.92
A004,2023-04,10.0,2,166669.93,4.76
A004,2023-05,30.13,1,188635.46,3.91
A004,2023-06,53.24,2,13223.67,2.76
A004,2023-07,17.0,3,22842.72,2.81
A004,2023-08,10.0,2,21151.75,3.71
A004,2023-09,10.0,5,20862.85,3.37
A004,2023-10,22.85,1,22071.49,2.48
A004,2023-11,64.38,3,23328.04,2.11
A004,2023-12,27.11,2,26370.79,3.73
A004,2024-01,66.85,1,23342.48,3.85
A004,2024-02,35.15,2,26189.12,3.67
A004,2024-03,10.0,2,24875.54,2.69
A004,2024-04,25.95,1,135607.61,3.3
A004,2024-05,21.56,2,213627.11,3.54
A004,2024-06,47.83,1,20583.42,2.13
A004,2024-07,10.0,2,24304.49,3.88
A004,2024-08,46.81,2,24988.52,2.81
A004,2024-09,10.0,2,25060.71,4.64
A004,2024-10,91.93,3,21226.85,4.3
A004,2024-11,31.3,2,18280.38,4.96
A004,2024-12,31.03,1,12134.35,3.66
A004,2025-01,28.44,1,25615.64,2.02
A004,2025-02,12.15,1,27948.61,3.58
A004,2025-03,48.69,2,26774.22,3.84
A004,2025-04,20.7,2,20268.75,4.75
A004,2025-05,72.48,2,10000.0,4.95
A004,2025-06,10.0,1,24014.42,2.23
A004,2025-07,52.99,2,21142.83,3.41
A004,2025-08,24.53,2,27080.14,2.5
A004,2025-09,25.29,1,10000.0,3.05
A004,2025-10,14.55,1,26986.02,4.5
A004,2025-11,22.17,2,26711.59,3.67
A004,2025-12,40.49,2,21277.0,2.03
A004,2026-01,74.72,2,26278.61,2.93
A004,2026-02,18.28,2,33954.44,4.95
A004,2026-03,15.03,2,24489.63,4.31
A004,2026-04,10.0,2,20275.0,2.13
A004,2026-05,29.03,2,21396.2,4.49
A004,2026-06,10.0,2,23067.59,4.17
A005,2023-01,127.66,3,182420.55,4.89
A005,2023-02,31.89,2,28408.31,2.46
A005,2023-03,25.98,5,37977.03,4.17
A005,2023-04,10.0,2,38482.33,3.14
A005,2023-05,27.75,1,12692.9,2.34
A005,2023-06,19.61,2,25190.22,3.18
A005,2023-07,23.37,2,26816.34,2.98
A005,2023-08,10.0,3,31347.83,4.91
A005,2023-09,28.09,1,42429.79,2.67
A005,2023-10,18.43,2,30208.27,2.38
A005,2023-11,46.0,1,17206.48,4.34
A005,2023-12,51.87,1,37760.44,4.46
A005,2024-01,37.4,4,27008.28,4.21
A005,2024-02,90.32,1,36615.18,2.66
A005,2024-03,49.91,2,29619.83,4.0
A005,2024-04,14.02,1,38218.22,2.5
A005,2024-05,10.0,1,26151.26,3.65
A005,2024-06,29.36,3,37877.82,3.58
A005,2024-07,63.23,4,29709.17,3.87
A005,2024-08,35.5,1,31772.18,3.84
A005,2024-09,18.9,4,37835.81,4.34
A005,2024-10,51.05,1,25161.31,3.43
A005,2024-11,10.0,3,240253.63,2.99
A005,2024-12,79.92,2,27779.72,3.25
A005,2025-01,10.0,3,32728.46,4.46
A005,2025-02,34.59,2,32950.07,4.33
A005,2025-03,100.22,1,187040.66,2.63
A005,2025-04,15.48,3,31536.45,4.13
A005,2025-05,54.44,1,29968.14,4.58
A005,2025-06,10.0,2,13090.52,2.53
A005,2025-07,45.7,2,38211.98,2.29
A005,2025-08,84.73,2,10509.59,4.47
A005,2025-09,19.34,2,34111.99,4.82
A005,2025-10,91.47,1,328104.52,3.04
A005,2025-11,113.78,2,28989.16,3.18
A005,2025-12,65.64,1,30466.17,4.59
A005,2026-01,39.46,6,26603.51,3.09
A005,2026-02,10.0,1,25287.28,4.86
A005,2026-03,62.55,1,25419.32,4.4
A005,2026-04,42.88,1,38594.75,4.67
A005,2026-05,67.82,1,26053.04,2.99
A005,2026-06,48.14,2,26874.47,4.48
A006,2023-01,22.65,3,10000.0,3.35
A006,2023-02,32.69,2,103087.69,2.51
A006,2023-03,72.51,2,10000.0,2.03
A006,2023-04,33.31,2,139022.58,4.92
A006,2023-05,44.65,2,119348.39,4.68
A006,2023-06,17.73,1,29278.15,4.27
A006,2023-07,30.32,1,49464.35,3.7
A006,2023-08,13.94,1,99211.43,3.53
A006,2023-09,42.2,2,134207.04,3.01
A006,2023-10,63.22,1,131926.96,4.25
A006,2023-11,13.07,1,35639.59,3.58
A006,2023-12,10.0,1,366097.58,3.51
A006,2024-01,52.6,4,92390.08,3.26
A006,2024-02,65.83,2,92102.85,4.3
A006,2024-03,24.27,5,132498.23,3.89
A006,2024-04,37.63,2,116472.05,4.17
A006,2024-05,35.86,6,96305.06,2.8
A006,2024-06,28.43,6,297313.35,2.07
A006,2024-07,25.51,4,142004.19,4.02
A006,2024-08,45.68,1,106881.3,4.25
A006,2024-09,46.1,2,294267.63,3.78
A006,2024-10,24.26,1,140437.54,2.76
A006,2024-11,43.29,2,291638.82,3.2
A006,2024-12,23.7,5,26015.92,3.44
A006,2025-01,28.0,1,250907.58,2.26
A006,2025-02,26.33,2,109203.6,4.55
A006,2025-03,29.08,4,129224.98,3.29
A006,2025-04,41.65,1,94483.18,2.55
A006,2025-05,18.61,2,136210.09,3.14
A006,2025-06,26.57,1,126121.85,2.61
A006,2025-07,26.19,2,113909.71,2.58
A006,2025-08,35.51,2,123170.87,3.8
A006,2025-09,44.59,3,109396.27,3.92
A006,2025-10,32.19,1,213891.13,2.64
A006,2025-11,15.33,2,16448.59,2.21
A006,2025-12,24.99,7,98780.75,2.73
A006,2026-01,39.05,3,25986.63,3.27
A006,2026-02,30.28,2,114740.19,2.22
A006,2026-03,53.66,2,123634.33,2.01
A006,2026-04,22.1,1,101742.05,2.98
A006,2026-05,12.4,2,97338.79,4.47
A006,2026-06,22.82,2,136132.3,3.1
A007,2023-01,19.44,1,134453.01,3.77
A007,2023-02,17.18,3,108007.68,3.61
A007,2023-03,54.95,1,137518.28,4.55
A007,2023-04,36.15,1,33055.06,4.01
A007,2023-05,10.51,2,136545.9,2.34
A007,2023-06,32.48,1,151663.62,3.48
A007,2023-07,52.88,3,117525.7,2.55
A007,2023-08,51.32,2,147004.69,4.21
A007,2023-09,12.81,1,248084.82,3.56
A007,2023-10,43.92,2,148006.29,3.06
A007,2023-11,19.96,4,114248.58,4.23
A007,2023-12,25.21,2,150208.83,4.5
A007,2024-01,21.37,5,47260.85,4.91
A007,2024-02,16.04,2,120154.25,4.78
A007,2024-03,26.76,2,123057.66,2.35
A007,2024-04,50.12,2,129429.15,2.87
A007,2024-05,15.11,2,115676.49,2.12
A007,2024-06,10.0,2,106470.9,2.92
A007,2024-07,10.0,3,161274.66,2.52
A007,2024-08,27.6,1,149972.85,3.7
A007,2024-09,10.0,3,270198.74,4.38
A007,2024-10,40.03,2,152186.9,4.47
A007,2024-11,108.75,1,146702.76,4.99
A007,2024-12,15.77,3,193112.86,4.53
A007,2025-01,47.7,2,19690.78,3.47
A007,2025-02,25.03,2,10000.0,4.34
A007,2025-03,23.67,2,129543.22,3.04
A007,2025-04,27.21,2,111299.13,4.95
A007,2025-05,10.0,1,159323.67,2.3
A007,2025-06,13.14,1,122404.84,4.63
A007,2025-07,14.86,4,267349.55,2.46
A007,2025-08,75.4,2,117806.73,4.73
A007,2025-09,22.75,2,320664.5,3.68
A007,2025-10,26.79,2,124840.02,3.68
A007,2025-11,13.64,2,465735.28,2.17
A007,2025-12,32.96,2,161731.66,3.61
A007,2026-01,18.41,2,133024.55,2.26
A007,2026-02,21.7,3,154806.84,3.73
A007,2026-03,16.8,3,140375.87,2.42
A007,2026-04,10.0,2,126177.05,4.16
A007,2026-05,64.08,6,109926.86,3.33
A007,2026-06,14.88,2,153023.03,3.24
A008,2023-01,36.74,2,12950.45,4.85
A008,2023-02,33.31,1,24222.14,2.88
A008,2023-03,18.5,1,24505.03,3.79
A008,2023-04,26.06,1,25155.65,2.4
A008,2023-05,12.77,1,22095.95,4.11
A008,2023-06,63.9,2,196964.02,3.36
A008,2023-07,10.0,2,20590.57,4.63
A008,2023-08,80.72,2,24085.5,3.45
A008,2023-09,22.28,2,262199.36,3.3
A008,2023-10,31.53,2,21320.09,4.03
A008,2023-11,10.0,1,26651.61,4.46
A008,2023-12,37.14,2,30974.06,4.09
A008,2024-01,61.38,2,15298.79,4.73
A008,2024-02,10.0,2,26163.24,4.39
A008,2024-03,57.39,2,10000.0,4.67
A008,2024-04,32.46,2,20693.01,4.82
A008,2024-05,34.18,4,24773.39,2.66
A008,2024-06,13.45,2,13204.11,2.14
A008,2024-07,52.82,1,26311.58,3.06
A008,2024-08,46.38,1,15702.52,4.66
A008,2024-09,12.33,2,19154.86,3.57
A008,2024-10,18.05,1,19343.3,3.29
A008,2024-11,11.75,4,10000.0,3.4
A008,2024-12,83.41,3,19881.45,2.45
A008,2025-01,10.0,3,24912.94,2.62
A008,2025-02,34.04,2,24075.98,4.3
A008,2025-03,66.27,1,22402.11,2.1
A008,2025-04,12.58,2,23745.62,2.69
A008,2025-05,19.41,2,21964.62,2.94
A008,2025-06,25.2,2,21618.97,4.8
A008,2025-07,45.58,2,20341.46,2.42
A008,2025-08,71.15,2,19784.84,4.53
A008,2025-09,28.69,1,23269.56,3.51
A008,2025-10,25.11,2,26131.36,3.12
A008,2025-11,16.45,5,25950.8,2.09
A008,2025-12,21.77,2,370144.42,2.85
A008,2026-01,13.71,1,18574.55,3.12
A008,2026-02,41.22,1,20184.86,3.79
A008,2026-03,58.5,1,25034.77,3.44
A008,2026-04,23.9,2,23467.31,3.97
A008,2026-05,50.84,2,25208.61,4.54
A008,2026-06,20.76,1,22637.94,2.83
A009,2023-01,21.9,1,130268.46,3.8
A009,2023-02,10.0,2,130988.07,3.62
A009,2023-03,10.0,6,215819.24,4.97
A009,2023-04,10.0,3,116935.78,4.79
A009,2023-05,10.0,2,233721.17,2.27
A009,2023-06,10.0,4,139488.21,3.74
A009,2023-07,26.75,3,24740.38,2.32
A009,2023-08,10.46,2,152688.18,2.34
A009,2023-09,32.56,2,10433.5,3.15
A009,2023-10,10.99,1,208853.88,2.9
A009,2023-11,14.91,1,114833.35,4.63
A009,2023-12,17.04,4,154080.36,4.85
A009,2024-01,28.92,1,217654.47,3.81
A009,2024-02,39.8,2,143998.32,4.12
A009,2024-03,22.32,1,107642.02,4.65
A009,2024-04,23.34,5,101750.85,4.13
A009,2024-05,72.59,1,11948.42,3.59
A009,2024-06,48.68,2,118160.43,3.84
A009,2024-07,68.59,1,158881.36,2.2
A009,2024-08,24.22,2,17297.91,2.36
A009,2024-09,15.29,4,154475.25,3.7
A009,2024-10,54.72,1,136331.79,4.8
A009,2024-11,33.03,2,123226.53,3.69
A009,2024-12,13.74,1,152655.68,3.85
A009,2025-01,26.69,1,242572.16,3.96
A009,2025-02,10.0,1,10000.0,4.74
A009,2025-03,35.44,1,110881.13,4.54
A009,2025-04,15.99,1,13306.18,4.5
A009,2025-05,107.21,2,143448.07,2.28
A009,2025-06,17.66,1,164249.74,2.27
A009,2025-07,86.7,1,128537.61,2.8
A009,2025-08,33.5,1,149330.29,4.83
A009,2025-09,49.67,1,108215.78,3.11
A009,2025-10,26.15,5,130607.32,2.65
A009,2025-11,10.0,2,93366.73,2.57
A009,2025-12,26.89,2,161666.01,3.01
A009,2026-01,24.18,1,114111.21,2.83
A009,2026-02,23.24,1,10000.0,2.63
A009,2026-03,22.0,6,158537.01,2.22
A009,2026-04,36.75,2,152425.81,4.88
A009,2026-05,22.26,2,153523.0,3.53
A009,2026-06,10.0,2,153849.72,4.46
A010,2023-01,16.43,3,83890.45,4.59
A010,2023-02,10.0,2,91915.7,2.76
A010,2023-03,25.0,3,79046.07,3.98
A010,2023-04,10.0,3,97910.09,3.61
A010,2023-05,81.86,2,85305.89,2.83
A010,2023-06,29.41,2,151945.21,2.56
A010,2023-07,49.55,3,95784.88,4.07
A010,2023-08,23.05,2,104077.4,4.4
A010,2023-09,28.62,2,29978.79,4.25
A010,2023-10,26.84,5,92008.99,3.65
A010,2023-11,24.42,5,91196.64,2.26
A010,2023-12,25.97,2,71683.71,3.0
A010,2024-01,21.31,2,80881.98,3.96
A010,2024-02,79.24,1,99185.19,3.48
A010,2024-03,39.77,1,78397.05,4.75
A010,2024-04,41.83,1,13246.96,2.72
A010,2024-05,21.09,3,103132.87,2.65
A010,2024-06,10.0,1,73533.57,4.9
A010,2024-07,119.3,1,92577.9,2.13
A010,2024-08,32.88,2,82889.34,4.37
A010,2024-09,19.65,2,77750.97,2.85
A010,2024-10,103.27,1,102885.1,3.86
A010,2024-11,64.26,2,69717.67,2.79
A010,2024-12,38.34,4,94338.03,2.48
A010,2025-01,30.55,3,10000.0,2.45
A010,2025-02,15.04,1,83245.35,2.17
A010,2025-03,24.11,5,74144.6,3.53
A010,2025-04,52.44,1,94467.36,4.13
A010,2025-05,17.26,2,79536.89,4.97
A010,2025-06,10.84,1,86215.69,2.36
A010,2025-07,14.35,2,127243.79,3.61
A010,2025-08,14.22,2,101864.39,2.88
A010,2025-09,14.99,1,91755.13,2.89
A010,2025-10,20.03,2,73505.77,4.3
A010,2025-11,52.7,2,138683.59,3.7
A010,2025-12,113.94,2,26679.28,3.91
A010,2026-01,65.2,3,95652.05,2.64
A010,2026-02,14.87,2,375482.58,2.07
A010,2026-03,68.64,3,43880.66,4.86
A010,2026-04,12.73,3,79241.28,3.03
A010,2026-05,23.05,3,70102.14,2.48
A010,2026-06,14.97,4,82071.09,4.8
A011,2023-01,56.85,2,33143.45,4.88
A011,2023-02,37.35,2,193602.61,2.84
A011,2023-03,70.52,1,30719.1,2.1
A011,2023-04,60.91,2,28265.32,4.97
A011,2023-05,34.25,1,35492.39,3.17
A011,2023-06,18.48,1,28415.84,2.48
A011,2023-07,81.08,2,17189.08,3.12
A011,2023-08,18.31,1,38011.1,2.11
A011,2023-09,52.63,2,38524.33,4.71
A011,2023-10,58.23,1,25046.87,4.43
A011,2023-11,23.45,2,37701.47,4.6
A011,2023-12,47.09,2,43585.75,4.98
A011,2024-01,27.97,1,38670.53,3.18
A011,2024-02,20.3,1,39368.9,4.35
A011,2024-03,22.46,2,122363.22,3.36
A011,2024-04,28.62,2,10769.71,2.14
A011,2024-05,30.74,1,34643.26,4.98
A011,2024-06,30.29,2,39065.88,4.41
A011,2024-07,39.59,5,37271.67,3.1
A011,2024-08,74.84,1,249708.72,2.04
A011,2024-09,28.47,2,10453.63,2.49
A011,2024-10,20.99,2,152120.26,2.62
A011,2024-11,17.94,1,29691.26,4.21
A011,2024-12,30.5,3,34293.43,2.47
A011,2025-01,23.97,2,30381.61,2.69
A011,2025-02,10.0,3,36310.12,4.48
A011,2025-03,16.58,5,29190.88,2.81
A011,2025-04,69.51,1,36587.99,4.53
A011,2025-05,10.0,2,34418.3,4.13
A011,2025-06,34.37,4,35464.71,4.45
A011,2025-07,62.07,2,36312.86,4.65
A011,2025-08,10.6,2,213323.26,3.43
A011,2025-09,17.76,1,27176.62,4.7
A011,2025-10,32.98,1,28836.08,3.5
A011,2025-11,132.52,1,36619.98,4.64
A011,2025-12,58.11,1,30587.46,3.94
A011,2026-01,10.0,3,29679.34,4.36
A011,2026-02,29.46,2,32143.55,2.3
A011,2026-03,10.0,2,468138.91,4.59
A011,2026-04,24.18,2,36685.49,4.33
A011,2026-05,29.84,1,30687.45,2.21
A011,2026-06,40.71,3,33668.64,4.6
A012,2023-01,29.81,2,40137.93,3.22
A012,2023-02,11.87,1,18454.99,2.68
A012,2023-03,68.3,2,47895.54,3.6
A012,2023-04,42.69,2,47485.94,3.75
A012,2023-05,12.34,1,15071.55,2.46
A012,2023-06,53.63,3,41777.62,3.53
A012,2023-07,10.0,5,19298.89,4.67
A012,2023-08,17.55,4,34361.11,4.87
A012,2023-09,17.62,2,41586.41,4.43
A012,2023-10,21.86,2,46328.23,2.3
A012,2023-11,12.19,4,46750.65,2.15
A012,2023-12,23.54,2,277707.51,2.94
A012,2024-01,14.31,2,46577.07,3.2
A012,2024-02,42.42,2,26505.56,3.69
A012,2024-03,17.7,2,45779.55,4.32
A012,2024-04,51.89,1,47542.51,2.04
A012,2024-05,16.31,2,46448.31,4.32
A012,2024-06,44.14,2,39410.26,3.05
A012,2024-07,16.75,2,45518.5,4.17
A012,2024-08,16.61,1,40262.9,3.72
A012,2024-09,32.65,4,37347.74,4.06
A012,2024-10,42.4,1,40071.51,2.28
A012,2024-11,30.45,2,46274.76,4.56
A012,2024-12,14.94,2,40482.97,3.52
A012,2025-01,34.24,3,35304.35,2.06
A012,2025-02,10.0,2,32603.95,2.4
A012,2025-03,18.31,6,339373.51,2.63
A012,2025-04,58.6,5,42468.53,4.4
A012,2025-05,62.91,1,33585.74,4.48
A012,2025-06,58.92,1,15865.26,2.08
A012,2025-07,64.3,2,33315.54,4.88
A012,2025-08,32.95,3,42162.39,3.9
A012,2025-09,11.97,2,42985.32,2.93
A012,2025-10,17.83,2,37943.39,2.06
A012,2025-11,14.37,4,40593.51,3.02
A012,2025-12,18.09,5,34924.86,2.57
A012,2026-01,32.09,4,46528.36,3.05
A012,2026-02,71.3,1,39224.21,4.65
A012,2026-03,25.25,2,33930.8,3.29
A012,2026-04,13.59,3,40507.13,3.5
A012,2026-05,11.31,4,46663.64,3.42
A012,2026-06,24.29,3,39027.67,3.72
A013,2023-01,26.04,2,110648.53,4.11
A013,2023-02,37.02,1,156144.82,3.02
A013,2023-03,10.0,1,125465.09,2.16
A013,2023-04,10.0,3,155981.6,2.15
A013,2023-05,40.39,2,150672.34,2.73
A013,2023-06,72.07,2,119620.66,4.31
A013,2023-07,12.29,2,154904.06,4.2
A013,2023-08,64.92,1,142151.97,2.71
A013,2023-09,10.0,1,205566.16,2.08
A013,2023-10,23.66,3,146438.8,4.11
A013,2023-11,17.76,3,144776.1,2.64
A013,2023-12,34.26,4,130460.11,2.42
A013,2024-01,24.39,3,142422.68,4.05
A013,2024-02,51.54,3,132086.92,2.98
A013,2024-03,10.2,2,12175.36,3.74
A013,2024-04,39.05,2,129539.96,4.33
A013,2024-05,74.11,1,282085.18,3.79
A013,2024-06,23.66,2,18251.48,3.22
A013,2024-07,10.75,2,144834.04,4.53
A013,2024-08,27.46,1,273911.47,2.77
A013,2024-09,10.14,3,283520.7,2.09
A013,2024-10,26.2,4,144391.37,3.46
A013,2024-11,26.19,1,177033.39,2.0
A013,2024-12,83.51,2,10000.0,2.37
A013,2025-01,35.01,2,156687.08,4.94
A013,2025-02,64.09,4,31605.21,3.87
A013,2025-03,27.45,2,87003.82,3.29
A013,2025-04,57.1,1,116147.45,4.74
A013,2025-05,80.47,2,12832.76,2.36
A013,2025-06,12.38,1,116686.9,2.96
A013,2025-07,32.69,2,159513.55,4.47
A013,2025-08,13.49,2,116627.61,3.06
A013,2025-09,16.37,1,116799.26,4.46
A013,2025-10,40.12,2,25055.15,2.01
A013,2025-11,16.45,2,29124.88,4.66
A013,2025-12,23.24,1,202244.77,4.35
A013,2026-01,33.45,1,161106.48,4.01
A013,2026-02,10.0,1,13406.95,4.11
A013,2026-03,12.25,2,330561.13,2.63
A013,2026-04,10.0,2,122158.03,3.69
A013,2026-05,54.91,1,152170.35,3.05
A013,2026-06,23.33,2,107986.25,2.95
A014,2023-01,63.28,2,60316.1,2.68
A014,2023-02,26.34,2,56438.12,3.82
A014,2023-03,28.83,2,53726.39,2.74
A014,2023-04,10.0,1,47640.9,2.97
A014,2023-05,71.71,2,61302.3,4.3
A014,2023-06,87.32,1,45915.66,2.13
A014,2023-07,12.7,3,61444.76,4.89
A014,2023-08,10.0,1,44374.98,3.64
A014,2023-09,24.52,5,42301.14,3.02
A014,2023-10,24.54,4,47204.86,2.34
A014,2023-11,34.2,3,59754.96,3.85
A014,2023-12,40.5,1,52004.68,2.74
A014,2024-01,25.25,2,41016.54,4.37
A014,2024-02,10.0,1,50911.72,4.92
A014,2024-03,49.61,1,43967.18,4.32
A014,2024-04,49.42,2,51021.28,3.4
A014,2024-05,32.05,3,59266.28,3.72
A014,2024-06,19.83,1,253463.92,2.28
A014,2024-07,79.63,1,63323.07,2.76
A014,2024-08,12.34,1,55572.79,4.49
A014,2024-09,18.35,1,14389.26,2.53
A014,2024-10,25.52,1,30527.77,2.09
A014,2024-11,43.77,1,167228.12,3.32
A014,2024-12,52.23,1,62549.3,2.75
A014,2025-01,10.0,2,72111.74,2.19
A014,2025-02,44.14,3,41903.46,4.47
A014,2025-03,16.9,2,55897.11,2.28
A014,2025-04,56.13,2,42350.09,2.68
A014,2025-05,29.63,4,284220.56,3.2
A014,2025-06,51.13,3,50599.46,2.5
A014,2025-07,18.88,2,61077.61,3.97
A014,2025-08,10.0,3,42584.05,3.45
A014,2025-09,16.62,3,111321.33,2.3
A014,2025-10,63.06,2,62370.47,4.01
A014,2025-11,10.0,1,57637.68,4.78
A014,2025-12,49.4,2,41758.8,2.86
A014,2026-01,35.42,2,49360.48,4.77
A014,2026-02,18.89,2,41134.24,4.83
A014,2026-03,45.29,1,62282.86,2.54
A014,2026-04,33.04,2,53042.31,3.02
A014,2026-05,82.6,1,61564.14,3.97
A014,2026-06,10.0,1,58267.38,3.0
A015,2023-01,37.29,5,132532.87,3.23
A015,2023-02,72.13,1,114610.41,3.31
A015,2023-03,28.47,3,129708.76,3.12
A015,2023-04,35.51,4,136359.86,2.91
A015,2023-05,77.67,3,153972.04,4.35
A015,2023-06,24.64,2,91159.81,4.17
A015,2023-07,39.38,2,23400.31,3.14
A015,2023-08,34.36,2,110579.01,3.56
A015,2023-09,10.0,1,24937.34,3.61
A015,2023-10,84.56,4,197063.78,2.51
A015,2023-11,26.74,2,152098.72,4.33
A015,2023-12,34.18,1,142164.69,3.65
A015,2024-01,10.0,5,123133.18,4.42
A015,2024-02,13.99,2,147482.97,4.54
A015,2024-03,43.23,1,137248.77,3.53
A015,2024-04,21.75,5,113373.48,2.79
A015,2024-05,47.01,2,247495.52,3.87
A015,2024-06,36.34,4,137240.06,4.06
A015,2024-07,10.0,2,143784.9,3.48
A015,2024-08,18.85,2,115320.51,3.64
A015,2024-09,10.0,2,121454.93,3.79
A015,2024-10,39.4,4,324350.68,4.15
A015,2024-11,12.25,2,140596.34,3.28
A015,2024-12,24.57,2,118618.96,3.55
A015,2025-01,103.97,2,150730.81,3.22
A015,2025-02,26.97,2,106315.15,4.39
A015,2025-03,84.75,3,115618.38,3.56
A015,2025-04,17.61,1,42279.05,2.05
A015,2025-05,47.68,2,155692.31,3.81
A015,2025-06,18.67,1,17422.45,3.0
A015,2025-07,61.74,2,221057.09,4.16
A015,2025-08,80.95,2,85145.52,3.91
A015,2025-09,27.29,1,147940.84,4.62
A015,2025-10,16.44,3,111089.28,4.56
A015,2025-11,67.35,1,135469.17,4.2
A015,2025-12,43.44,2,104403.19,2.03
A015,2026-01,24.52,2,73057.52,2.29
A015,2026-02,10.89,3,63605.98,3.41
A015,2026-03,13.57,2,22416.36,2.64
A015,2026-04,10.0,3,149234.6,4.19
A015,2026-05,13.03,1,118566.81,3.0
A015,2026-06,38.78,3,136094.44,3.86
A016,2023-01,101.58,2,28280.49,2.3
A016,2023-02,20.61,2,22206.87,3.65
A016,2023-03,48.17,1,21086.63,4.33
A016,2023-04,18.6,2,28403.36,4.08
A016,2023-05,77.81,2,315112.63,4.59
A016,2023-06,54.25,2,32948.31,3.3
A016,2023-07,119.14,2,171481.64,3.87
A016,2023-08,10.0,6,33429.7,3.51
A016,2023-09,17.82,2,23037.02,3.43
A016,2023-10,42.78,1,28663.0,3.04
A016,2023-11,20.43,3,32284.78,2.73
A016,2023-12,34.59,2,19472.8,3.96
A016,2024-01,73.48,3,32949.55,4.37
A016,2024-02,82.67,2,395072.38,2.65
A016,2024-03,32.27,1,31361.76,3.7
A016,2024-04,33.23,2,31050.16,3.66
A016,2024-05,32.41,2,22634.15,3.28
A016,2024-06,14.68,1,31139.88,3.3
A016,2024-07,50.73,2,25803.04,3.25
A016,2024-08,10.0,2,28428.46,4.0
A016,2024-09,18.94,3,27272.62,3.74
A016,2024-10,43.22,2,27999.42,2.17
A016,2024-11,79.39,3,31891.37,3.42
A016,2024-12,60.69,2,21968.16,3.81
A016,2025-01,81.3,2,22296.54,2.85
A016,2025-02,13.32,7,241282.17,3.36
A016,2025-03,21.04,2,26482.61,4.91
A016,2025-04,55.01,3,21694.19,2.65
A016,2025-05,22.54,3,26818.98,3.69
A016,2025-06,14.48,4,21138.03,3.89
A016,2025-07,36.25,1,29060.97,2.46
A016,2025-08,37.2,1,22483.4,2.55
A016,2025-09,11.92,1,23562.72,3.09
A016,2025-10,48.16,1,113151.66,3.93
A016,2025-11,162.58,3,25316.21,2.01
A016,2025-12,22.66,2,29049.68,4.13
A016,2026-01,18.29,2,31664.26,4.5
A016,2026-02,29.5,6,22733.21,4.4
A016,2026-03,30.57,2,10000.0,4.38
A016,2026-04,10.0,1,22220.21,4.84
A016,2026-05,13.61,2,29387.92,4.23
A016,2026-06,20.85,1,27045.18,4.13
A017,2023-01,31.07,1,85819.4,2.72
A017,2023-02,18.71,3,77163.31,2.96
A017,2023-03,13.44,4,75799.35,4.73
A017,2023-04,16.02,2,123196.17,3.55
A017,2023-05,60.15,2,74009.33,3.19
A017,2023-06,56.24,1,89425.92,2.67
A017,2023-07,21.41,2,63648.21,3.56
A017,2023-08,31.08,2,89580.26,2.14
A017,2023-09,59.7,3,69964.94,4.46
A017,2023-10,23.32,4,72277.81,2.04
A017,2023-11,16.94,3,192105.32,3.25
A017,2023-12,12.33,5,72780.4,3.73
A017,2024-01,20.09,3,83810.58,4.7
A017,2024-02,49.77,1,90386.16,3.22
A017,2024-03,52.11,1,72348.12,3.43
A017,2024-04,23.39,2,256854.63,4.85
A017,2024-05,41.13,1,94342.48,2.05
A017,2024-06,19.07,2,92822.75,2.6
A017,2024-07,42.17,1,15919.99,3.36
A017,2024-08,18.09,2,89965.68,4.68
A017,2024-09,44.46,2,81872.39,3.43
A017,2024-10,63.7,2,21249.42,3.65
A017,2024-11,20.82,2,73595.29,4.28
A017,2024-12,38.18,2,68944.3,2.37
A017,2025-01,61.84,2,82041.4,2.08
A017,2025-02,43.14,3,20722.02,2.64
A017,2025-03,35.56,2,292402.49,3.26
A017,2025-04,20.48,2,65442.39,4.64
A017,2025-05,20.94,1,79588.21,2.49
A017,2025-06,10.0,2,91871.5,3.48
A017,2025-07,26.56,2,65593.64,2.38
A017,2025-08,67.81,5,236786.84,2.74
A017,2025-09,67.82,1,14643.31,2.08
A017,2025-10,16.59,2,62774.43,3.73
A017,2025-11,21.33,1,34696.25,2.15
A017,2025-12,10.0,2,73930.36,2.6
A017,2026-01,20.17,2,82806.76,2.6
A017,2026-02,42.68,2,73938.78,3.07
A017,2026-03,63.18,3,64354.58,2.49
A017,2026-04,10.0,2,77593.9,2.0
A017,2026-05,67.91,1,74979.6,4.4
A017,2026-06,20.98,1,69041.48,3.59
A018,2023-01,23.73,2,33729.37,3.58
A018,2023-02,10.0,2,31909.38,2.46
A018,2023-03,31.13,2,28949.76,2.73
A018,2023-04,18.86,1,41250.91,2.32
A018,2023-05,73.03,2,201788.87,3.41
A018,2023-06,53.7,3,34867.2,4.75
A018,2023-07,19.29,2,28393.46,3.99
A018,2023-08,75.46,6,40247.99,4.32
A018,2023-09,10.0,1,29377.92,4.7
A018,2023-10,15.63,3,34213.3,3.82
A018,2023-11,22.81,1,29602.72,3.52
A018,2023-12,19.42,1,28777.03,2.52
A018,2024-01,12.54,2,206390.87,2.09
A018,2024-02,29.37,1,40255.89,2.85
A018,2024-03,10.0,1,36870.68,4.51
A018,2024-04,13.08,2,33274.61,2.08
A018,2024-05,40.83,2,39123.31,4.11
A018,2024-06,39.5,1,37113.11,2.38
A018,2024-07,29.75,4,37943.47,3.33
A018,2024-08,42.08,2,38006.2,2.23
A018,2024-09,36.03,3,32428.53,3.81
A018,2024-10,119.67,1,91725.39,4.78
A018,2024-11,14.24,1,40987.13,3.31
A018,2024-12,88.69,2,38996.49,4.79
A018,2025-01,59.14,1,30896.65,4.31
A018,2025-02,10.0,2,38321.64,4.2
A018,2025-03,28.03,2,35420.34,4.99
A018,2025-04,15.78,1,31793.7,4.26
A018,2025-05,36.26,2,38448.48,2.91
A018,2025-06,22.65,2,33761.08,3.29
A018,2025-07,18.5,3,36500.63,3.54
A018,2025-08,78.6,4,30175.54,2.84
A018,2025-09,41.07,2,37838.51,4.85
A018,2025-10,47.83,1,39824.78,4.59
A018,2025-11,25.01,1,31965.87,2.52
A018,2025-12,33.44,2,220199.44,3.4
A018,2026-01,62.53,6,29136.99,2.77
A018,2026-02,10.0,1,40267.62,4.28
A018,2026-03,44.55,2,10055.94,3.92
A018,2026-04,73.3,5,30008.68,4.26
A018,2026-05,90.27,3,37324.11,2.57
A018,2026-06,19.47,1,31057.09,2.12
A019,2023-01,10.0,3,101692.81,4.7
A019,2023-02,29.74,3,92684.48,4.66
A019,2023-03,15.25,2,86156.75,2.04
A019,2023-04,53.66,1,134262.71,3.59
A019,2023-05,29.9,2,77904.81,4.7
A019,2023-06,74.33,2,10000.0,2.11
A019,2023-07,10.88,1,16268.04,3.36
A019,2023-08,17.31,4,101392.01,2.57
A019,2023-09,18.05,2,67015.71,3.42
A019,2023-10,74.53,1,77918.59,3.5
A019,2023-11,27.5,2,84145.66,2.1
A019,2023-12,26.09,2,71802.12,4.6
A019,2024-01,10.0,1,202832.5,2.83
A019,2024-02,39.36,1,12048.3,4.14
A019,2024-03,10.07,1,86019.49,3.9
A019,2024-04,40.81,2,10000.0,4.71
A019,2024-05,18.46,2,94391.76,2.43
A019,2024-06,16.18,1,98030.83,2.49
A019,2024-07,21.41,1,290599.76,2.25
A019,2024-08,37.74,2,102137.27,4.09
A019,2024-09,16.69,2,96419.89,2.85
A019,2024-10,10.85,2,95869.86,4.08
A019,2024-11,10.0,2,75114.72,2.89
A019,2024-12,13.1,2,72005.52,2.44
A019,2025-01,31.79,2,77116.84,4.93
A019,2025-02,30.67,1,127452.23,3.31
A019,2025-03,97.52,2,49872.82,2.98
A019,2025-04,31.79,2,78579.27,3.24
A019,2025-05,10.0,2,81010.03,2.67
A019,2025-06,18.64,2,89543.63,3.6
A019,2025-07,10.0,2,87360.78,3.12
A019,2025-08,71.23,2,12185.18,4.64
A019,2025-09,24.75,4,68062.02,3.84
A019,2025-10,32.61,2,77440.25,2.5
A019,2025-11,25.45,1,76889.77,4.26
A019,2025-12,19.58,2,13836.86,4.39
A019,2026-01,23.87,2,85395.97,4.61
A019,2026-02,30.6,2,69071.73,4.03
A019,2026-03,15.51,2,91041.16,2.31
A019,2026-04,10.0,1,75950.74,3.61
A019,2026-05,10.0,2,70323.75,4.44
A019,2026-06,14.4,2,97331.65,4.74
A020,2023-01,10.0,1,103357.63,2.94
A020,2023-02,30.61,1,256848.74,2.12
A020,2023-03,27.13,1,132912.46,3.87
A020,2023-04,42.04,3,117937.04,3.15
A020,2023-05,10.12,2,27411.82,4.69
A020,2023-06,51.54,1,94874.29,4.28
A020,2023-07,81.21,1,190823.98,2.37
A020,2023-08,13.78,1,97903.9,3.63
A020,2023-09,10.0,1,21008.97,3.78
A020,2023-10,28.02,4,129842.97,2.95
A020,2023-11,10.16,4,179593.11,2.01
A020,2023-12,26.05,1,91043.81,4.07
A020,2024-01,69.24,3,123948.72,4.91
A020,2024-02,13.0,2,110829.85,3.37
A020,2024-03,59.18,1,88428.63,2.48
A020,2024-04,15.68,2,114855.97,3.0
A020,2024-05,24.06,1,93096.22,2.57
A020,2024-06,34.16,1,118701.92,4.56
A020,2024-07,48.15,1,266478.95,2.61
A020,2024-08,21.03,1,132421.5,2.65
A020,2024-09,14.23,3,102501.98,3.94
A020,2024-10,35.35,1,12567.64,4.94
A020,2024-11,22.3,2,120385.6,3.16
A020,2024-12,15.06,3,108286.46,4.53
A020,2025-01,10.0,1,217585.52,3.1
A020,2025-02,11.07,1,117255.7,4.95
A020,2025-03,30.26,1,242277.19,3.58
A020,2025-04,41.48,1,125412.4,3.65
A020,2025-05,35.67,1,106939.95,3.31
A020,2025-06,18.22,1,102826.35,3.82
A020,2025-07,45.43,2,244553.09,4.99
A020,2025-08,15.1,1,124665.34,3.91
A020,2025-09,11.81,1,102244.04,2.54
A020,2025-10,19.34,1,107437.7,4.89
A020,2025-11,10.0,1,355554.87,3.72
A020,2025-12,37.78,2,127799.3,3.05
A020,2026-01,30.4,1,10000.0,2.94
A020,2026-02,10.0,2,121674.89,3.05
A020,2026-03,10.0,1,228114.9,3.72
A020,2026-04,31.63,1,114661.02,4.88
A020,2026-05,43.87,3,114790.02,4.37
A020,2026-06,10.0,1,91178.16,2.36
A021,2023-01,38.14,2,58553.75,4.15
A021,2023-02,16.56,1,55040.98,2.92
A021,2023-03,17.51,2,138486.42,3.61
A021,2023-04,11.17,1,76757.6,2.12
A021,2023-05,31.92,3,55542.52,3.05
A021,2023-06,10.0,3,79545.23,4.15
A021,2023-07,10.0,2,62074.48,3.27
A021,2023-08,14.13,3,73795.3,2.95
A021,2023-09,34.27,2,62345.33,4.77
A021,2023-10,62.05,1,202931.82,3.46
A021,2023-11,24.81,1,83910.03,4.49
A021,2023-12,85.48,3,67504.57,4.28
A021,2024-01,44.31,1,56286.6,4.21
A021,2024-02,23.27,4,63924.31,3.8
A021,2024-03,32.04,2,81330.88,2.37
A021,2024-04,11.2,1,162053.89,2.98
A021,2024-05,37.6,3,69619.28,3.13
A021,2024-06,10.0,3,54530.15,3.88
A021,2024-07,10.0,4,74636.9,4.74
A021,2024-08,18.69,1,208561.91,2.55
A021,2024-09,68.46,2,10579.37,3.87
A021,2024-10,13.8,1,78317.8,2.46
A021,2024-11,11.2,2,69817.05,2.83
A021,2024-12,24.69,2,74180.33,3.17
A021,2025-01,13.52,1,79504.25,3.74
A021,2025-02,13.6,2,77273.54,3.64
A021,2025-03,56.59,2,82216.96,2.08
A021,2025-04,10.0,4,23985.19,2.18
A021,2025-05,10.0,3,58033.79,3.39
A021,2025-06,21.09,2,55172.77,4.99
A021,2025-07,10.0,2,79303.89,4.57
A021,2025-08,17.9,1,76086.01,4.68
A021,2025-09,42.81,4,75066.81,3.71
A021,2025-10,20.05,4,54245.99,2.56
A021,2025-11,39.57,1,54880.35,4.28
A021,2025-12,36.12,1,93491.27,2.9
A021,2026-01,73.7,4,78769.34,3.9
A021,2026-02,10.0,2,70655.08,2.17
A021,2026-03,10.0,1,74074.38,4.95
A021,2026-04,22.62,2,57530.04,2.23
A021,2026-05,13.54,1,81446.08,3.37
A021,2026-06,34.73,4,62889.0,3.92
A022,2023-01,33.06,2,28013.85,2.35
A022,2023-02,37.67,2,28121.92,3.44
A022,2023-03,97.59,1,22074.73,4.08
A022,2023-04,10.0,2,35080.52,3.8
A022,2023-05,20.59,1,38113.55,3.13
A022,2023-06,24.83,2,27809.09,3.67
A022,2023-07,68.74,4,24814.79,2.91
A022,2023-08,13.55,2,11430.84,3.79
A022,2023-09,24.23,1,66353.55,2.96
A022,2023-10,35.53,2,35744.19,3.26
A022,2023-11,11.59,2,22813.31,3.99
A022,2023-12,10.0,4,35476.53,4.38
A022,2024-01,14.09,2,37501.2,4.81
A022,2024-02,10.0,2,159800.6,2.5
A022,2024-03,23.1,3,14642.34,4.62
A022,2024-04,64.11,1,104739.54,2.16
A022,2024-05,13.37,4,27921.42,4.57
A022,2024-06,84.89,1,25344.3,4.92
A022,2024-07,18.03,2,30182.35,2.3
A022,2024-08,43.1,2,35344.94,4.49
A022,2024-09,29.29,2,38140.29,3.94
A022,2024-10,72.09,2,37330.89,2.03
A022,2024-11,14.65,3,33273.83,3.33
A022,2024-12,17.89,1,319463.13,2.25
A022,2025-01,19.13,3,27417.31,4.08
A022,2025-02,11.31,2,35083.32,4.38
A022,2025-03,62.44,1,33724.0,3.65
A022,2025-04,27.72,1,38273.64,2.56
A022,2025-05,47.5,2,27927.73,3.79
A022,2025-06,55.12,2,26253.12,2.84
A022,2025-07,19.5,1,37722.0,4.18
A022,2025-08,31.15,3,29521.54,3.97
A022,2025-09,19.12,2,28332.52,3.65
A022,2025-10,22.55,2,26776.06,3.33
A022,2025-11,73.37,2,25309.51,2.9
A022,2025-12,10.0,2,30187.3,4.94
A022,2026-01,20.23,2,10800.98,4.68
A022,2026-02,24.69,1,24858.5,2.39
A022,2026-03,33.15,1,36537.66,2.02
A022,2026-04,10.0,2,33930.01,4.83
A022,2026-05,97.54,2,34473.47,4.16
A022,2026-06,34.55,1,34092.68,4.7
A023,2023-01,24.95,1,23643.17,3.29
A023,2023-02,10.0,2,26671.04,3.64
A023,2023-03,15.58,3,34942.18,4.91
A023,2023-04,13.11,2,23949.4,3.77
A023,2023-05,27.85,1,32058.22,4.81
A023,2023-06,36.79,2,26769.81,2.33
A023,2023-07,42.59,2,18424.04,4.94
A023,2023-08,34.79,1,107801.47,4.72
A023,2023-09,12.79,1,204425.03,4.28
A023,2023-10,22.46,2,31804.14,2.03
A023,2023-11,31.47,1,78583.63,2.98
A023,2023-12,19.86,2,15096.16,3.35
A023,2024-01,10.0,1,272630.6,3.82
A023,2024-02,86.33,2,35329.29,4.88
A023,2024-03,19.19,1,11322.49,2.7
A023,2024-04,10.64,3,46725.28,2.81
A023,2024-05,28.52,2,26136.71,2.52
A023,2024-06,40.72,2,24870.73,3.45
A023,2024-07,12.09,1,29141.74,3.7
A023,2024-08,24.28,1,31714.35,2.09
A023,2024-09,60.79,4,34254.82,4.97
A023,2024-10,22.76,1,28788.61,2.26
A023,2024-11,76.19,1,36088.06,3.06
A023,2024-12,27.04,4,26958.87,4.88
A023,2025-01,33.39,1,27886.39,2.62
A023,2025-02,19.61,1,35200.03,3.55
A023,2025-03,43.91,1,36257.19,2.45
A023,2025-04,31.83,1,15027.23,2.5
A023,2025-05,51.03,1,29649.65,4.83
A023,2025-06,16.57,2,34692.22,3.08
A023,2025-07,81.55,1,36078.64,4.23
A023,2025-08,33.02,4,23488.58,3.11
A023,2025-09,102.97,2,26268.53,3.97
A023,2025-10,36.97,3,36447.5,2.59
A023,2025-11,13.85,2,12298.24,3.69
A023,2025-12,21.14,2,35914.63,4.55
A023,2026-01,24.75,1,31765.31,4.82
A023,2026-02,10.0,2,28893.28,3.75
A023,2026-03,25.05,1,31735.61,3.41
A023,2026-04,41.15,4,35035.56,4.91
A023,2026-05,13.2,4,27711.7,2.79
A023,2026-06,30.28,6,30783.25,2.47
A024,2023-01,65.04,2,274352.1,4.3
A024,2023-02,44.39,2,178734.61,2.74
A024,2023-03,58.02,2,182421.49,3.3
A024,2023-04,10.0,1,236555.29,3.84
A024,2023-05,33.42,2,202241.71,3.33
A024,2023-06,59.41,2,200664.29,3.24
A024,2023-07,13.84,2,160754.97,4.48
A024,2023-08,23.6,3,185944.69,3.65
A024,2023-09,47.17,2,217791.84,4.31
A024,2023-10,80.65,2,16356.55,4.96
A024,2023-11,52.5,1,209400.86,4.1
A024,2023-12,10.0,6,188852.61,4.43
A024,2024-01,12.61,1,155413.3,3.49
A024,2024-02,12.18,3,160767.25,3.06
A024,2024-03,24.94,2,226659.93,2.33
A024,2024-04,19.85,1,178770.48,2.58
A024,2024-05,13.26,2,209676.99,2.97
A024,2024-06,13.44,1,34357.11,3.81
A024,2024-07,60.05,2,166862.69,4.38
A024,2024-08,30.39,3,192360.3,3.32
A024,2024-09,16.92,2,134251.02,2.1
A024,2024-10,44.36,4,159932.81,3.09
A024,2024-11,90.51,1,187195.72,2.03
A024,2024-12,14.06,2,183608.19,2.66
A024,2025-01,29.93,2,182406.54,3.12
A024,2025-02,20.33,2,180010.26,4.74
A024,2025-03,27.36,2,212875.87,4.81
A024,2025-04,36.15,2,157538.13,3.57
A024,2025-05,39.81,2,260863.47,3.51
A024,2025-06,24.77,1,285094.6,3.42
A024,2025-07,19.12,2,13370.7,2.62
A024,2025-08,35.68,2,176810.56,3.21
A024,2025-09,20.87,2,203012.29,3.11
A024,2025-10,35.5,1,187788.89,4.27
A024,2025-11,53.64,2,155682.26,4.4
A024,2025-12,34.29,3,217111.38,4.57
A024,2026-01,45.88,1,199179.76,3.5
A024,2026-02,54.89,4,182137.47,4.52
A024,2026-03,81.63,2,187313.86,4.67
A024,2026-04,51.4,2,153586.02,2.69
A024,2026-05,19.09,2,158220.63,3.11
A024,2026-06,86.3,2,165109.92,3.69
A025,2023-01,36.42,4,224767.98,4.73
A025,2023-02,18.79,2,10000.0,2.86
A025,2023-03,37.58,2,200098.58,3.67
A025,2023-04,20.47,2,209674.78,2.67
A025,2023-05,36.41,1,422178.04,2.64
A025,2023-06,23.89,3,45275.59,3.54
A025,2023-07,11.28,3,18885.52,3.76
A025,2023-08,16.92,2,14157.35,3.29
A025,2023-09,12.87,2,44480.72,3.56
A025,2023-10,24.74,4,50321.58,2.99
A025,2023-11,77.69,2,48336.2,3.37
A025,2023-12,23.8,1,44495.38,4.17
A025,2024-01,11.13,1,50197.74,4.13
A025,2024-02,51.92,1,206567.21,2.88
A025,2024-03,76.75,2,51269.98,3.95
A025,2024-04,62.57,2,37744.75,4.51
A025,2024-05,10.0,1,35480.78,4.72
A025,2024-06,130.74,1,10000.0,4.24
A025,2024-07,19.17,3,36417.75,3.18
A025,2024-08,11.88,5,42630.53,2.2
A025,2024-09,118.06,2,35793.27,2.64
A025,2024-10,48.74,1,215989.19,3.25
A025,2024-11,41.21,1,247465.01,4.64
A025,2024-12,53.18,2,38603.05,4.8
A025,2025-01,13.97,2,43167.07,3.07
A025,2025-02,14.29,2,52663.83,3.94
A025,2025-03,41.56,1,46035.16,3.9
A025,2025-04,17.94,4,122499.59,3.17
A025,2025-05,10.0,5,247006.7,3.18
A025,2025-06,50.19,1,38253.49,2.72
A025,2025-07,42.57,3,40313.9,2.62
A025,2025-08,27.79,2,10000.0,4.63
A025,2025-09,38.88,1,48256.36,4.24
A025,2025-10,10.65,1,19698.99,4.21
A025,2025-11,34.31,1,50224.27,3.77
A025,2025-12,13.77,3,20066.53,3.88
A025,2026-01,93.68,1,45733.19,3.78
A025,2026-02,13.95,3,37262.43,3.92
A025,2026-03,91.1,2,38258.01,4.41
A025,2026-04,10.0,2,39875.64,2.34
A025,2026-05,10.0,4,49548.33,4.16
A025,2026-06,36.55,5,41261.25,2.44
