ligne_source,credit_id,client_id,agence_id,type_credit,date_octroi,montant_initial,taux_annuel,duree_mois,mensualite_theorique,score_risque_octroi,statut_credit,date_fin_prevue
1,CR000001,C004387,A012,Prêt immobilier,2022-12-14,180593.38,4.074,180,1342.51,80,En cours,2037-12-14
2,CR000002,C004984,A014,Prêt immobilier,2024-06-15,243987.46,1.236,300,945.79,80,En cours,2049-06-15
3,CR000003,C004034,A014,Prêt immobilier,2024-11-16,140525.79,3.697,180,1018.27,47,En cours,2039-11-16
4,CR000004,C000491,A009,Prêt immobilier,2023-10-05,179246.33,4.381,300,984.27,89,En cours,2048-10-05
5,CR000005,C003338,A012,Prêt personnel,2022-10-03,12629.14,9.496,24,579.83,56,Terminé,2024-10-03
6,CR000006,C004531,A018,Prêt personnel,2021-03-02,23461.2,4.132,24,1020.18,57,Terminé,2023-03-02
7,CR000007,C003483,A011,Prêt personnel,2024-09-22,12447.11,9.106,48,310.38,71,En cours,2028-09-22
8,CR000008,C005801,A021,Prêt personnel,2024-09-19,10820.45,8.202,48,265.18,95,en cours,2028-09-19
9,CR000009,C005355,A018,Prêt personnel,2021-09-19,19494.49,4.988,24,855.14,88,Terminé,2023-09-19
10,CR000010,C004432,A012,Prêt automobile,2022-10-02,28333.98,3.529,48,633.8,83,En cours,2026-10-02
11,CR000011,C004057,A015,Prêt immobilier,2026-01-05,67243.38,2.728,180,455.61,54,En cours,2041-01-05
12,CR000012,C000227,A019,Prêt immobilier,2021-04-20,332433.64,2.417,240,1748.17,39,En cours,2041-04-20
13,CR000013,C005656,A016,Prêt automobile,2022-06-02,35284.67,4.483,72,559.84,21,En cours,2028-06-02
14,CR000014,C005781,A018,Prêt personnel,2021-03-02,15061.58,7.622,24,678.6,39,Terminé,2023-03-02
15,CR000015,C000976,A023,Prêt automobile,2025-01-31,30527.72,4.672,48,698.5,77,En cours,2029-01-31
16,CR000016,C002293,A015,Prêt automobile,2021-12-14,11131.58,4.497,48,253.82,58,Terminé,2025-12-14
17,CR000017,C004740,A015,Prêt personnel,2025-06-14,21157.1,9.79,60,447.34,56,En cours,2030-06-14
18,CR000018,C003653,A017,Prêt automobile,2021-07-07,24324.37,4.595,48,555.72,38,Terminé,2025-07-07
19,CR000019,C000457,A024,Prêt automobile,2022-07-23,30949.06,4.799,60,581.2,78,en cours,2027-07-23
20,CR000020,C005445,A006,Prêt immobilier,2021-11-05,171530.61,2.514,300,770.68,44,En cours,2046-11-05
21,CR000021,C005389,A023,Prêt immobilier,2023-11-20,70027.9,3.065,180,485.78,82,En cours,2038-11-20
22,CR000022,C003601,A004,Prêt immobilier,2024-05-14,194352.21,1.665,180,1220.94,55,En cours,2039-05-14
23,CR000023,C004249,A017,Prêt personnel,2022-09-27,4120.33,10.862,48,106.22,87,En cours,2026-09-27
24,CR000024,C004783,A002,Prêt personnel,2025-01-30,13502.66,9.816,12,1185.94,68,Terminé,2026-01-30
25,CR000025,C004504,A004,Prêt automobile,2021-11-20,22146.71,6.707,48,527.33,49,Terminé,2025-11-20
26,CR000026,C002151,A013,Prêt automobile,2025-02-16,29292.23,5.108,48,676.02,74,En cours,2029-02-16
27,CR000027,C002566,A009,PRÊT IMMOBILIER,2024-04-25,121797.1,3.3,240,693.89,50,En cours,2044-04-25
28,CR000028,C001467,A003,Prêt immobilier,2022-04-11,294271.84,3.977,240,1779.62,46,En cours,2042-04-11
29,CR000029,C003096,A010,Prêt automobile,2025-12-26,31355.36,6.962,60,620.3,39,En cours,2030-12-26
30,CR000030,C001907,A018,Prêt automobile,2022-03-16,34548.22,3.921,36,1018.79,39,Terminé,2025-03-16
31,CR000031,C001611,A008,Prêt personnel,2022-09-07,19588.06,6.862,36,603.59,67,Terminé,2025-09-07
32,CR000032,C003065,A013,Prêt immobilier,2023-09-10,186699.78,1.557,240,905.85,43,En cours,2043-09-10
33,CR000033,C001630,A015,Prêt immobilier,2022-03-23,233387.46,3.603,240,1365.89,57,En cours,2042-03-23
34,CR000034,C000167,A020,Prêt immobilier,2025-06-09,106518.5,4.59,180,819.79,66,En cours,2040-06-09
35,CR000035,C003001,A016,Prêt automobile,2021-09-03,26115.64,6.379,48,617.88,71,Terminé,2025-09-03
36,CR000036,C003505,A010,Prêt personnel,2024-04-30,15652.72,10.852,36,511.35,28,En cours,2027-04-30
37,CR000037,C000468,A016,Prêt immobilier,2025-02-12,254787.5,-1.425,180,1573.04,60,En cours,2040-02-12
38,CR000038,C004416,A001,Prêt personnel,2023-02-11,7347.23,11.026,36,240.63,30,Terminé,2026-02-11
39,CR000039,C002535,A999,Prêt personnel,2025-06-16,10570.66,11.134,12,934.91,47,Terminé,2026-06-16
40,CR000040,C000057,A019,Prêt immobilier,2021-06-12,194367.59,1.969,180,1247.96,67,En cours,2036-06-12
41,CR000041,C004314,A017,Prêt personnel,2021-03-26,8093.02,4.149,36,239.48,51,Terminé,2024-03-26
42,CR000042,C002219,A020,Prêt immobilier,2026-03-18,210041.26,3.339,240,1200.89,51,En cours,2046-03-18
43,CR000043,C002505,A018,Prêt personnel,2026-03-27,11516.77,8.714,48,285.03,68,En cours,2030-03-27
44,CR000044,C000834,A005,Prêt automobile,2023-09-21,29349.46,7.464,36,912.47,34,En cours,2026-09-21
45,CR000045,C002057,A005,Prêt personnel,2021-03-30,13338.02,7.282,60,265.89,65,Terminé,2026-03-30
46,CR000046,C003320,A023,Prêt personnel,2024-03-19,12970.92,4.215,48,294.12,52,En cours,2028-03-19
47,CR000047,C001518,A008,Prêt personnel,2024-03-05,5801.26,6.649,48,137.97,40,En cours,2028-03-05
48,CR000048,C001271,A003,Prêt immobilier,2023-06-06,293362.88,3.654,240,1724.63,1,en cours,2043-06-06
49,CR000049,C001633,A007,Prêt immobilier,2023-08-25,160540.42,2.16,240,824.4,87,En cours,2043-08-25
50,CR000050,C003280,A006,Prêt personnel,2021-06-12,10863.19,6.957,48,259.92,77,Terminé,2025-06-12
51,CR000051,C005605,A002,Prêt personnel,2022-04-29,15740.86,11.466,24,737.06,34,Terminé,2024-04-29
52,CR000052,C000187,A006,Prêt personnel,2021-09-21,1500.0,8.292,12,130.69,69,Terminé,2022-09-21
53,CR000053,C002112,A007,Prêt immobilier,2025-11-22,179597.71,1.77,300,741.32,49,En cours,2050-11-22
54,CR000054,C001075,A015,Prêt personnel,2026-03-02,18537.46,7.866,60,374.69,91,En cours,2031-03-02
55,CR000055,C002808,A025,Prêt immobilier,2024-02-12,253517.98,4.456,180,1933.69,56,En cours,2039-02-12
56,CR000056,C002349,A014,Prêt personnel,2022-04-05,14860.6,6.5,12,1282.41,70,Terminé,2023-04-05
57,CR000057,C005174,A017,Prêt automobile,2021-04-06,15316.31,3.403,72,235.48,57,En cours,2027-04-06
58,CR000058,C001645,A010,Prêt personnel,2025-01-14,3272.23,11.299,60,71.63,43,En cours,2030-01-14
59,CR000059,C004780,A020,Prêt automobile,2024-10-05,13990.35,5.889,48,327.85,30,en cours,2028-10-05
60,CR000060,C004254,A003,Prêt personnel,2021-08-11,11929.22,3.706,60,218.11,90,En cours,2026-08-11
61,CR000061,C002247,A015,PRÊT IMMOBILIER,2023-10-19,250219.69,4.319,180,1891.15,30,En cours,2038-10-19
62,CR000062,C002794,A001,PRÊT AUTOMOBILE,2023-04-02,5926.86,4.908,72,95.2,96,En cours,2029-04-02
63,CR000063,C003702,A011,Prêt personnel,2022-06-25,13481.73,8.546,24,613.11,61,Terminé,2024-06-25
64,CR000064,C001127,A003,Prêt immobilier,2024-09-01,247465.55,3.063,240,1380.31,35,En cours,2044-09-01
65,CR000065,C001678,A009,Prêt immobilier,2022-02-18,99698.16,2.631,240,534.71,53,En cours,2042-02-18
66,CR000066,C004347,A010,Prêt immobilier,2025-07-17,160288.5,2.88,300,750.18,77,En cours,2050-07-17
67,CR000067,C002458,A024,Prêt automobile,2021-02-26,30936.53,7.275,48,744.77,51,Terminé,2025-02-26
68,CR000068,C004733,A007,Prêt automobile,2024-09-10,16625.69,5.87,36,504.81,87,En cours,2027-09-10
69,CR000069,C003050,A003,Prêt personnel,2023-12-14,5646.45,3.975,48,127.43,67,En cours,2027-12-14
70,CR000070,C002458,A024,Prêt immobilier,2021-05-25,152406.98,4.33,300,832.52,45,En cours,2046-05-25
71,CR000071,C004527,A005,Prêt automobile,2022-11-12,5000.0,4.925,72,80.35,34,En cours,2028-11-12
72,CR000072,C003358,A003,Prêt immobilier,2021-05-27,154653.61,4.206,180,1160.01,50,En cours,2036-05-27
73,CR000073,C000237,A005,Prêt personnel,2023-09-25,7199.33,10.48,36,233.93,29,En cours,2026-09-25
74,CR000074,C005486,A018,Prêt immobilier,2022-07-29,129808.8,4.333,240,809.55,78,En cours,2042-07-29
75,CR000075,C004568,A009,Prêt personnel,2025-02-16,9522.35,9.352,60,199.3,24,En cours,2030-02-16
76,CR000076,C004951,A999,Prêt personnel,2023-10-20,12360.45,7.121,12,1070.2,59,Terminé,2024-10-20
77,CR000077,C004550,A024,Prêt immobilier,2025-11-29,155642.61,4.37,240,973.81,60,En cours,2045-11-29
78,CR000078,C002337,A015,Prêt immobilier,2021-05-15,322921.98,2.276,180,2119.35,68,En cours,2036-05-15
79,CR000079,C000748,A008,Prêt personnel,2024-11-16,5372.92,11.049,60,116.95,85,En cours,2029-11-16
80,CR000080,C001898,A013,Prêt automobile,2025-05-10,11325.76,5.281,60,215.19,48,En cours,2030-05-10
81,CR000081,C005360,A021,Prêt personnel,2021-11-17,22342.22,4.902,24,979.2,74,Terminé,2023-11-17
82,CR000082,C001165,A002,Prêt personnel,2025-08-22,12241.17,3.501,60,222.69,76,En cours,2030-08-22
83,CR000083,C003778,A010,Prêt personnel,2022-08-26,18570.26,-5.785,48,434.3,51,En cours,2026-08-26
84,CR000084,C004417,A025,Prêt immobilier,2024-10-26,196404.2,3.489,180,1402.98,17,En cours,2039-10-26
85,CR000085,C005827,A009,Prêt personnel,2021-09-04,15146.47,9.712,36,486.69,39,Terminé,2024-09-04
86,CR000086,C001404,A017,Prêt immobilier,2022-11-22,278816.9,2.286,180,1831.23,75,En cours,2037-11-22
87,CR000087,C002877,A009,Prêt immobilier,2024-01-03,203899.45,1.878,180,1300.67,79,En cours,2039-01-03
88,CR000088,C004060,A021,Prêt immobilier,2023-10-15,230484.37,2.258,180,1510.7,20,En cours,2038-10-15
89,CR000089,C004025,A001,Prêt automobile,2021-02-08,28277.01,-4.013,72,442.57,73,En cours,2027-02-08
90,CR000090,C000134,A011,Prêt immobilier,2026-03-19,242521.62,3.361,180,1717.2,82,En cours,2041-03-19
91,CR000091,C003457,A011,Prêt personnel,2021-04-28,4938.05,8.578,24,224.64,56,Terminé,2023-04-28
92,CR000092,C002120,A020,Prêt immobilier,2024-07-17,199679.45,2.671,180,1347.6,48,En cours,2039-07-17
93,CR000093,C004435,A021,Prêt immobilier,2021-05-02,231140.43,2.906,300,1084.77,40,En cours,2046-05-02
94,CR000094,C004061,A021,Prêt immobilier,2024-04-13,166556.56,1.547,180,1037.42,37,en cours,2039-04-13
95,CR000095,C003738,A016,Prêt personnel,2021-05-25,8215.67,5.217,12,704.14,62,Terminé,2022-05-25
96,CR000096,C003156,A014,Prêt immobilier,2024-04-27,52070.91,4.717,240,335.57,64,En cours,2044-04-27
97,CR000097,C002806,A005,Prêt personnel,2022-07-18,1500.0,6.2,24,66.62,39,Terminé,2024-07-18
98,CR000098,C005419,A013,Prêt immobilier,2024-08-04,272754.24,4.233,240,1686.5,47,En cours,2044-08-04
99,CR000099,C001410,A023,Prêt personnel,2022-02-11,11905.43,10.951,24,554.62,69,Terminé,2024-02-11
100,CR000100,C000121,A008,Prêt automobile,2021-08-14,10873.91,5.492,60,207.66,81,En cours,2026-08-14
101,CR000101,C005676,A004,Prêt personnel,2022-12-12,21761.88,3.756,24,942.65,83,Terminé,2024-12-12
102,CR000102,C001811,A023,Prêt immobilier,2023-08-20,107020.45,3.602,180,770.45,60,En cours,2038-08-20
103,CR000103,C002412,A003,Prêt immobilier,2026-03-19,298939.11,2.594,180,2006.58,56,En cours,2041-03-19
104,CR000104,C002440,A004,Prêt automobile,2025-05-29,6380.52,5.574,48,148.6,7,En cours,2029-05-29
105,CR000105,C005005,A024,Prêt automobile,2024-06-27,28721.47,4.553,60,536.15,59,En cours,2029-06-27
106,CR000106,C005033,A016,Prêt personnel,2021-12-25,14238.26,11.39,36,468.78,42,en cours,2024-12-25
107,CR000107,C003937,A019,Prêt immobilier,2023-03-26,85584.92,2.076,180,553.75,78,En cours,2038-03-26
108,CR000108,C002165,A004,Prêt immobilier,2021-08-18,167077.85,4.487,300,927.43,53,En cours,2046-08-18
109,CR000109,C002929,A006,Prêt personnel,2024-09-13,13350.39,8.013,48,326.0,56,En cours,2028-09-13
110,CR000110,C004783,A002,Prêt immobilier,2022-12-03,147627.63,4.396,180,1121.5,44,En cours,2037-12-03
111,CR000111,C002320,A006,Prêt immobilier,2023-12-28,303382.92,1.671,180,1906.66,30,En cours,2038-12-28
112,CR000112,C005492,A005,PRÊT AUTOMOBILE,2023-11-26,15833.97,5.83,36,480.48,17,En cours,2026-11-26
113,CR000113,C003622,A011,Prêt immobilier,2023-02-22,246463.61,4.76,240,1594.1,22,En cours,2043-02-22
114,CR000114,C002361,A013,Prêt automobile,2025-03-06,38241.85,6.14,60,741.81,35,En cours,2030-03-06
115,CR000115,C003621,A009,Prêt immobilier,2021-03-08,308422.23,3.037,240,1716.24,47,En cours,2041-03-08
116,CR000116,C005909,A015,Prêt personnel,2024-10-26,24211.94,4.682,12,2069.2,88,Terminé,2025-10-26
117,CR000117,C004360,A019,Prêt personnel,2025-08-22,11409.13,9.355,24,523.08,33,En cours,2027-08-22
118,CR000118,C001706,A012,Prêt personnel,2024-02-03,9382.1,7.554,60,188.24,70,En cours,2029-02-03
119,CR000119,C005098,A007,Prêt immobilier,2025-11-13,336202.82,3.34,180,2377.18,20,En cours,2040-11-13
120,CR000120,C001595,A020,Prêt automobile,2023-09-10,5000.0,5.61,36,151.23,33,En cours,2026-09-10
121,CR000121,C005338,A014,Prêt automobile,2021-02-21,18862.93,4.247,72,297.24,43,En cours,2027-02-21
122,CR000122,C001085,A017,Prêt immobilier,2023-04-27,102067.15,3.817,300,528.48,51,En cours,2048-04-27
123,CR000123,C002951,A022,Prêt automobile,2022-08-19,23959.25,6.25,72,399.9,45,En cours,2028-08-19
124,CR000124,C004666,A005,Prêt immobilier,2022-03-27,61555.65,3.906,240,369.97,47,En cours,2042-03-27
125,CR000125,C003702,A011,Prêt automobile,2024-11-18,32410.97,5.302,60,616.13,69,En cours,2029-11-18
126,CR000126,C004106,A009,Prêt immobilier,2021-12-19,180338.07,1.621,300,731.56,77,En cours,2046-12-19
127,CR000127,C005147,A019,Prêt immobilier,2022-07-24,137695.46,4.053,240,838.23,50,En cours,2042-07-24
128,CR000128,C002041,A004,Prêt automobile,2022-02-16,8544.09,5.755,48,199.7,82,Terminé,2026-02-16
129,CR000129,C002649,A007,Prêt automobile,2022-04-17,35663.73,6.889,72,606.13,19,En cours,2028-04-17
130,CR000130,C004079,A005,Prêt immobilier,2023-01-27,199119.2,2.663,180,1343.06,56,En cours,2038-01-27
131,CR000131,C005608,A020,Prêt automobile,2023-05-16,31767.6,3.402,36,929.48,72,Terminé,2026-05-16
132,CR000132,C004325,A023,Prêt immobilier,2022-07-27,205140.62,3.762,180,1493.09,75,En cours,2037-07-27
133,CR000133,C001404,A017,Prêt immobilier,2022-01-09,85494.18,3.432,180,608.34,53,En cours,2037-01-09
134,CR000134,C005379,A005,Prêt automobile,2022-02-20,31823.59,5.931,60,614.21,47,En cours,2027-02-20
135,CR000135,C001268,A020,Prêt immobilier,2025-03-18,235429.8,4.609,300,1323.14,61,En cours,2050-03-18
136,CR000136,C004212,A012,Prêt personnel,2022-02-15,10795.63,8.127,48,264.2,38,Terminé,2026-02-15
137,CR000137,C003812,A022,Prêt personnel,2025-11-27,14139.41,3.522,36,414.45,74,En cours,2028-11-27
138,CR000138,C001121,A025,Prêt immobilier,2023-01-20,219008.94,2.109,180,1420.34,66,En cours,2038-01-20
139,CR000139,C002624,A025,Prêt immobilier,2024-11-29,186339.41,3.87,240,1116.43,52,En cours,2044-11-29
140,CR000140,C004464,A023,Prêt immobilier,2022-05-17,244093.49,2.293,300,1069.8,19,En cours,2047-05-17
141,CR000141,C005245,A013,Prêt personnel,2026-02-24,11115.64,8.9,36,352.96,69,En cours,2029-02-24
142,CR000142,C000052,A021,Prêt automobile,2022-05-15,5000.0,7.09,48,119.94,69,Terminé,2026-05-15
143,CR000143,C000221,A025,Prêt immobilier,2025-09-11,45000.0,4.768,180,350.44,75,En cours,2040-09-11
144,CR000144,C002871,A017,Prêt immobilier,2025-08-17,223216.02,1.215,180,1357.16,54,En cours,2040-08-17
145,CR000145,C002398,A012,Prêt automobile,2022-09-14,15780.9,3.861,72,245.9,52,En cours,2028-09-14
146,CR000146,C005111,A015,Prêt immobilier,2021-06-18,131962.21,3.488,240,764.52,50,En cours,2041-06-18
147,CR000147,C005525,A013,Prêt immobilier,2024-09-26,283982.75,3.892,180,2085.27,74,En cours,2039-09-26
148,CR000148,C005920,A006,Prêt automobile,2025-11-07,14949.34,3.146,72,228.11,60,En cours,2031-11-07
149,CR000149,C003759,A002,Prêt personnel,2023-12-19,1500.0,5.401,24,66.08,67,Terminé,2025-12-19
150,CR000150,C001088,A025,Prêt automobile,2022-11-15,14012.37,3.951,36,413.4,72,Terminé,2025-11-15
151,CR000151,C003274,A008,Prêt immobilier,2025-12-14,258410.54,2.46,300,1154.11,55,En cours,2050-12-14
152,CR000152,C001242,A013,Prêt immobilier,2024-05-10,247838.21,3.096,180,1722.98,52,En cours,2039-05-10
153,CR000153,C003691,A020,Prêt personnel,2026-01-31,6608.81,4.715,12,564.9,80,En cours,2027-01-31
154,CR000154,C005253,A007,Prêt automobile,2023-04-17,34208.28,3.934,48,771.38,58,En cours,2027-04-17
155,CR000155,C001063,A024,Prêt immobilier,2025-05-16,217907.71,3.432,300,1082.99,61,En cours,2050-05-16
156,CR000156,C000900,A025,Prêt immobilier,2022-01-16,264836.62,1.653,240,1296.63,90,En cours,2042-01-16
157,CR000157,C002168,A010,Prêt immobilier,2022-04-21,116102.69,3.504,180,830.25,36,En cours,2037-04-21
158,CR000158,C002381,A006,Prêt immobilier,2022-05-19,250620.17,4.582,240,1596.72,94,En cours,2042-05-19
159,CR000159,C005566,A009,Prêt personnel,2024-08-03,19569.88,4.967,12,1675.03,51,Terminé,2025-08-03
160,CR000160,C002950,A006,PRÊT AUTOMOBILE,2023-06-07,25306.01,6.11,60,490.53,48,En cours,2028-06-07
161,CR000161,C005923,A016,Prêt immobilier,2022-03-21,258426.56,4.711,240,1664.48,53,En cours,2042-03-21
162,CR000162,C000536,A006,Prêt immobilier,2021-08-31,259768.39,1.402,180,1601.02,58,En cours,2036-08-31
163,CR000163,C001785,A006,Prêt immobilier,2022-06-04,211407.41,-2.113,240,1080.82,10,En cours,2042-06-04
164,CR000164,C002786,A010,Prêt personnel,2023-06-26,16546.15,9.062,12,1447.46,26,Terminé,2024-06-26
165,CR000165,C005757,A009,Prêt personnel,2025-04-27,15710.64,7.129,48,377.15,66,En cours,2029-04-27
166,CR000166,C004352,A019,Prêt automobile,2022-09-26,16952.68,6.767,36,521.64,28,Terminé,2025-09-26
167,CR000167,C005632,A009,Prêt immobilier,2022-01-22,200320.36,1.301,300,782.56,42,en cours,2047-01-22
168,CR000168,C000259,A023,Prêt personnel,2025-11-10,15413.55,7.314,24,692.3,45,En cours,2027-11-10
169,CR000169,C003457,A011,Prêt personnel,2022-06-12,9410.69,6.381,24,418.71,61,Terminé,2024-06-12
170,CR000170,C001185,A012,Prêt automobile,2022-02-22,31710.84,6.059,60,613.93,51,En cours,2027-02-22
171,CR000171,C003299,A013,Prêt automobile,2025-11-14,34131.21,5.729,72,561.29,74,En cours,2031-11-14
172,CR000172,C003652,A016,Prêt immobilier,2023-05-21,272868.23,3.345,180,1929.98,34,En cours,2038-05-21
173,CR000173,C001596,A024,Prêt immobilier,2021-12-05,201567.71,1.982,240,1017.99,47,En cours,2041-12-05
174,CR000174,C000904,A019,Prêt immobilier,2023-04-30,157944.67,4.296,180,1191.84,56,En cours,2038-04-30
175,CR000175,C004218,A010,Prêt automobile,2023-09-19,25335.96,6.801,36,780.0,69,En cours,2026-09-19
176,CR000176,C003038,A002,Prêt immobilier,2021-03-17,222043.9,2.887,180,1521.36,61,En cours,2036-03-17
177,CR000177,C001972,A002,Prêt personnel,2022-08-30,2672.27,7.412,36,83.02,38,Terminé,2025-08-30
178,CR000178,C004175,A006,Prêt automobile,2021-02-26,20620.22,7.136,36,637.98,73,Terminé,2024-02-26
179,CR000179,C001080,A003,Prêt automobile,2023-10-03,26852.11,3.345,60,486.62,65,En cours,2028-10-03
180,CR000180,C002875,A010,Prêt immobilier,2026-02-19,343065.37,2.533,300,1544.82,99,En cours,2051-02-19
181,CR000181,C002927,A017,Prêt automobile,2025-09-02,16194.87,-7.484,36,503.64,43,En cours,2028-09-02
182,CR000182,C003979,A008,Prêt personnel,2025-11-18,29039.0,4.302,60,538.77,34,En cours,2030-11-18
183,CR000183,C000956,A999,Prêt personnel,2021-06-25,6881.85,5.27,12,589.99,83,Terminé,2022-06-25
184,CR000184,C003074,A015,Prêt personnel,2022-04-02,4361.67,4.303,36,129.36,36,Terminé,2025-04-02
185,CR000185,C004765,A013,Prêt automobile,2024-06-21,15430.36,6.394,72,258.6,76,En cours,2030-06-21
186,CR000186,C001206,A016,Prêt automobile,2023-12-24,20058.92,3.047,48,444.41,58,En cours,2027-12-24
187,CR000187,C001554,A025,Prêt immobilier,2023-05-12,193262.87,2.443,180,1283.49,66,En cours,2038-05-12
188,CR000188,C005960,A999,Prêt immobilier,2023-01-27,241113.68,3.352,180,1706.27,76,En cours,2038-01-27
189,CR000189,C001686,A009,Prêt immobilier,2023-03-21,245029.19,4.607,180,1887.86,67,En cours,2038-03-21
190,CR000190,C001169,A020,Prêt immobilier,2025-01-13,192664.95,-4.455,180,1469.47,60,En cours,2040-01-13
191,CR000191,C005064,A013,Prêt automobile,2024-09-04,17912.78,5.64,48,417.73,35,En cours,2028-09-04
192,CR000192,C000740,A004,Prêt personnel,2024-05-22,11859.58,6.907,36,365.69,25,En cours,2027-05-22
193,CR000193,C001706,A012,Prêt immobilier,2022-08-07,133473.68,1.321,240,633.12,67,En cours,2042-08-07
194,CR000194,C005232,A001,Prêt immobilier,2021-03-31,230029.69,2.353,240,1202.57,68,En cours,2041-03-31
195,CR000195,C002131,A010,Prêt immobilier,2021-04-26,45000.0,4.116,300,240.41,31,En cours,2046-04-26
196,CR000196,C005140,A023,Prêt automobile,2023-02-27,6535.15,3.424,48,145.88,23,En cours,2027-02-27
197,CR000197,C004144,A025,Prêt personnel,2025-12-13,24358.9,10.565,24,1130.41,39,En cours,2027-12-13
198,CR000198,C004972,A012,Prêt immobilier,2022-02-05,234387.76,3.93,240,1411.69,24,En cours,2042-02-05
199,CR000199,C000607,A014,Prêt immobilier,2025-05-21,261800.29,1.892,240,1311.04,37,En cours,2045-05-21
200,CR000200,C000722,A011,Prêt automobile,2024-04-18,5000.0,3.761,72,77.68,69,En cours,2030-04-18
201,CR000201,C003542,A023,Prêt personnel,2025-04-24,13512.97,10.942,36,442.02,33,En cours,2028-04-24
202,CR000202,C005131,A015,Prêt personnel,2023-07-02,11841.61,7.954,24,535.32,58,Terminé,2025-07-02
203,CR000203,C003246,A011,Prêt immobilier,2026-03-14,270912.54,2.792,300,1255.62,82,En cours,2051-03-14
204,CR000204,C001029,A018,Prêt automobile,2022-11-05,5000.0,3.969,60,92.01,76,En cours,2027-11-05
205,CR000205,C003463,A024,Prêt immobilier,2025-06-08,241523.39,4.114,240,1478.14,77,En cours,2045-06-08
206,CR000206,C001685,A001,Prêt personnel,2024-10-29,25937.28,5.641,12,2228.05,60,Terminé,2025-10-29
207,CR000207,C003523,A022,Prêt automobile,2021-01-16,30360.93,7.447,48,733.34,50,Terminé,2025-01-16
208,CR000208,C000787,A025,Prêt personnel,2024-02-07,3546.55,9.548,36,113.69,65,En cours,2027-02-07
209,CR000209,C003860,A013,Prêt immobilier,2026-03-15,319958.83,2.216,300,1390.01,55,En cours,2051-03-15
210,CR000210,C000752,A001,Prêt personnel,2024-01-23,14932.48,9.389,36,477.55,22,En cours,2027-01-23
211,CR000211,C003908,A022,Prêt automobile,2023-08-13,10194.66,4.302,60,189.14,58,En cours,2028-08-13
212,CR000212,C001447,A015,Prêt personnel,2022-06-13,4348.49,9.041,36,138.36,39,Terminé,2025-06-13
213,CR000213,C004198,A018,Prêt immobilier,2025-12-07,244058.55,1.592,240,1188.01,54,En cours,2045-12-07
214,CR000214,C004784,A024,Prêt immobilier,2022-07-06,297607.18,3.001,180,2055.31,23,En cours,2037-07-06
215,CR000215,C004419,A019,Prêt immobilier,2025-03-18,63779.74,3.486,240,369.45,60,En cours,2045-03-18
216,CR000216,C002821,A015,Prêt immobilier,2025-08-31,92212.69,4.134,180,688.29,67,En cours,2040-08-31
217,CR000217,C001676,A017,Prêt immobilier,2021-04-28,97420.77,4.571,180,748.78,63,En cours,2036-04-28
218,CR000218,C001818,A007,Prêt immobilier,2025-09-17,247618.24,1.486,180,1535.47,30,En cours,2040-09-17
219,CR000219,C004775,A009,Prêt automobile,2022-03-15,13177.5,3.591,60,240.26,30,En cours,2027-03-15
220,CR000220,C001661,A007,Prêt automobile,2024-01-05,40056.15,4.828,72,641.92,35,En cours,2030-01-05
221,CR000221,C003938,A010,Prêt immobilier,2025-11-18,128558.82,4.787,240,833.37,20,En cours,2045-11-18
222,CR000222,C005574,A005,Prêt automobile,2026-03-06,30394.97,3.493,36,890.54,56,En cours,2029-03-06
223,CR000223,C002709,A025,Prêt automobile,2021-03-17,29411.34,5.76,48,687.49,51,Terminé,2025-03-17
224,CR000224,C000819,A020,Prêt personnel,2021-03-13,8131.59,10.117,24,375.67,31,Terminé,2023-03-13
225,CR000225,C005783,A003,Prêt automobile,2022-03-19,11539.24,3.172,48,256.29,38,Terminé,2026-03-19
226,CR000226,C003309,A013,Prêt personnel,2021-12-19,17826.03,6.475,12,1538.12,44,Terminé,2022-12-19
227,CR000227,C001011,A002,Prêt personnel,2022-07-24,22958.75,6.017,48,539.37,77,En cours,2026-07-24
228,CR000228,C004221,A013,Prêt personnel,2024-03-10,14365.65,6.24,60,279.34,31,En cours,2029-03-10
229,CR000229,C000392,A019,Prêt immobilier,2024-01-30,204783.04,3.172,240,1153.45,31,En cours,2044-01-30
230,CR000230,C003221,A004,Prêt personnel,2021-02-26,24086.88,11.422,36,793.4,71,Terminé,2024-02-26
231,CR000231,C004421,A012,Prêt automobile,2023-01-26,34856.41,7.33,72,599.8,59,En cours,2029-01-26
232,CR000232,C004853,A002,Prêt immobilier,2023-07-01,292519.65,4.219,180,2195.94,43,En cours,2038-07-01
233,CR000233,C002498,A001,Prêt personnel,2024-11-10,18381.24,10.611,48,471.61,16,En cours,2028-11-10
234,CR000234,C001269,A018,Prêt immobilier,2023-05-17,165238.55,3.036,300,786.71,67,En cours,2048-05-17
235,CR000235,C001463,A001,Prêt immobilier,2022-06-11,240827.95,2.064,240,1225.57,99,En cours,2042-06-11
236,CR000236,C001580,A012,Prêt immobilier,2025-03-07,304841.53,3.527,300,1530.53,57,En cours,2050-03-07
237,CR000237,C000622,A999,Prêt immobilier,2022-07-31,207396.2,3.214,180,1453.7,67,En cours,2037-07-31
238,CR000238,C004945,A021,Prêt immobilier,2021-07-04,278968.94,3.037,300,1328.22,78,En cours,2046-07-04
239,CR000239,C004150,A020,Prêt automobile,2021-02-03,11256.57,6.875,48,268.9,30,Terminé,2025-02-03
240,CR000240,C000679,A021,Prêt automobile,2021-09-24,36547.66,4.435,36,1086.12,67,Terminé,2024-09-24
241,CR000241,C005377,A004,Prêt personnel,2025-09-06,10392.55,10.504,12,916.11,65,En cours,2026-09-06
242,CR000242,C004742,A020,Prêt immobilier,2025-09-23,45000.0,4.359,180,341.0,57,En cours,2040-09-23
243,CR000243,C005042,A001,Prêt immobilier,2025-06-14,174366.06,3.0,240,967.07,40,En cours,2045-06-14
244,CR000244,C001693,A025,Prêt immobilier,2021-12-22,134259.78,4.27,300,728.81,41,En cours,2046-12-22
245,CR000245,C004009,A007,Prêt immobilier,2021-09-19,196284.99,3.753,300,1009.54,73,En cours,2046-09-19
246,CR000246,C005495,A012,Prêt personnel,2025-06-17,17102.14,9.116,48,426.53,49,En cours,2029-06-17
247,CR000247,C001887,A020,Prêt immobilier,2024-07-05,90981.52,2.432,180,603.77,58,En cours,2039-07-05
248,CR000248,C005061,A020,Prêt automobile,2022-08-31,29927.31,5.457,48,695.42,85,En cours,2026-08-31
249,CR000249,C003063,A009,Prêt automobile,2022-05-30,23518.7,7.321,72,404.6,60,En cours,2028-05-30
250,CR000250,C000544,A014,Prêt automobile,2022-04-08,34645.1,6.915,36,1068.39,29,Terminé,2025-04-08
251,CR000251,C003742,A025,Prêt personnel,2025-08-18,8848.81,6.134,36,269.74,47,En cours,2028-08-18
252,CR000252,C000035,A023,Prêt automobile,2021-11-27,26853.67,7.133,36,830.8,44,Terminé,2024-11-27
253,CR000253,C001365,A008,Prêt automobile,2024-06-21,13949.72,7.243,36,432.28,99,En cours,2027-06-21
254,CR000254,C001563,A006,Prêt automobile,2023-11-09,30225.13,3.963,48,681.95,42,En cours,2027-11-09
255,CR000255,C005862,A012,PRÊT IMMOBILIER,2021-04-22,236094.42,4.552,180,1812.41,70,En cours,2036-04-22
256,CR000256,C004624,A018,Prêt automobile,2023-05-22,30373.31,5.773,72,500.12,89,En cours,2029-05-22
257,CR000257,C003369,A022,Prêt automobile,2021-06-21,33180.2,4.833,48,761.61,58,Terminé,2025-06-21
258,CR000258,C001098,A013,Prêt personnel,2021-06-10,1500.0,8.639,36,47.45,32,Terminé,2024-06-10
259,CR000259,C002637,A006,Prêt personnel,2023-01-02,1500.0,9.142,48,37.43,67,En cours,2027-01-02
260,CR000260,C002122,A001,Prêt immobilier,2023-01-23,184442.57,4.102,300,984.0,29,En cours,2048-01-23
261,CR000261,C002735,A008,Prêt automobile,2023-12-02,27076.55,7.251,36,839.16,45,en cours,2026-12-02
262,CR000262,C002446,A015,Prêt immobilier,2025-07-07,177592.55,1.872,300,741.71,64,En cours,2050-07-07
263,CR000263,C004915,A019,Prêt automobile,2025-12-09,15361.59,4.07,60,283.39,45,En cours,2030-12-09
264,CR000264,C003673,A025,Prêt immobilier,2022-07-02,178507.18,3.44,180,1270.84,80,En cours,2037-07-02
265,CR000265,C004357,A001,Prêt automobile,2022-06-11,25402.24,3.326,60,460.13,48,En cours,2027-06-11
266,CR000266,C004541,A012,Prêt personnel,2023-02-18,11494.48,3.804,24,498.14,70,Terminé,2025-02-18
267,CR000267,C003806,A012,Prêt immobilier,2021-09-28,198619.46,3.476,300,991.82,57,En cours,2046-09-28
268,CR000268,C002792,A003,Prêt immobilier,2024-04-27,279426.25,3.627,300,1417.93,74,En cours,2049-04-27
269,CR000269,C005843,A013,Prêt personnel,2025-10-17,25158.36,5.616,48,586.43,42,En cours,2029-10-17
270,CR000270,C004797,A025,Prêt personnel,2023-08-01,16179.58,10.919,24,753.49,47,Terminé,2025-08-01
271,CR000271,C002822,A021,Prêt immobilier,2023-03-17,88169.99,3.306,180,621.95,70,En cours,2038-03-17
272,CR000272,C001883,A018,Prêt personnel,2022-12-08,17715.28,9.887,60,375.42,46,En cours,2027-12-08
273,CR000273,C005597,A008,Prêt personnel,2024-01-14,14205.65,9.311,48,355.61,62,En cours,2028-01-14
274,CR000274,C000914,A006,Prêt immobilier,2025-01-05,242530.72,1.342,300,952.1,80,en cours,2050-01-05
275,CR000275,C001999,A020,Prêt immobilier,2025-11-04,305723.43,4.425,240,1921.77,91,En cours,2045-11-04
276,CR000276,C005063,A024,Prêt automobile,2021-12-31,5000.0,5.528,48,116.35,65,Terminé,2025-12-31
277,CR000277,C001790,A009,Prêt automobile,2024-01-06,26216.62,5.824,60,504.7,50,en cours,2029-01-06
278,CR000278,C004346,A007,Prêt immobilier,2024-12-05,227159.25,2.361,300,1003.29,24,En cours,2049-12-05
279,CR000279,C002016,A020,Prêt personnel,2022-06-17,18079.07,5.098,24,793.95,57,Terminé,2024-06-17
280,CR000280,C004237,A020,Prêt immobilier,2025-07-01,256871.93,2.299,180,1688.59,49,en cours,2040-07-01
281,CR000281,C002077,A012,Prêt automobile,2025-01-23,40230.34,3.612,48,901.39,37,En cours,2029-01-23
282,CR000282,C001658,A015,Prêt automobile,2023-09-28,25876.05,5.349,36,779.59,40,En cours,2026-09-28
283,CR000283,C002786,A010,Prêt immobilier,2026-03-28,53930.71,3.198,180,377.59,43,En cours,2041-03-28
284,CR000284,C004216,A011,Prêt personnel,2021-05-02,17854.1,9.3,48,446.85,65,Terminé,2025-05-02
285,CR000285,C001518,A008,Prêt personnel,2021-05-31,8632.23,10.487,12,760.87,38,en cours,2022-05-31
286,CR000286,C004296,A012,Prêt immobilier,2023-12-27,224859.26,1.226,300,870.59,83,En cours,2048-12-27
287,CR000287,C005644,A015,Prêt immobilier,2021-08-20,224280.9,1.598,240,1092.41,71,En cours,2041-08-20
288,CR000288,C004098,A018,Prêt automobile,2022-05-12,11472.17,5.838,72,189.25,76,En cours,2028-05-12
289,CR000289,C004840,A003,PRÊT IMMOBILIER,2021-10-30,271817.51,2.385,240,1425.21,59,En cours,2041-10-30
290,CR000290,C004864,A002,Prêt personnel,2023-07-20,11628.96,11.1,36,381.27,46,En cours,2026-07-20
291,CR000291,C003196,A005,Prêt immobilier,2021-09-04,73114.65,3.251,180,513.8,82,En cours,2036-09-04
292,CR000292,C005964,A003,PRÊT IMMOBILIER,2024-08-19,117377.45,4.377,240,734.81,83,En cours,2044-08-19
293,CR000293,C005137,A023,Prêt personnel,2023-07-12,22008.58,4.597,60,411.28,24,En cours,2028-07-12
294,CR000294,C002532,A022,PRÊT PERSONNEL,2023-03-22,21611.96,8.047,36,677.71,42,Terminé,2026-03-22
295,CR000295,C002098,A006,Prêt immobilier,2021-07-22,227404.25,4.636,300,1281.65,23,En cours,2046-07-22
296,CR000296,C002222,A011,Prêt automobile,2022-10-22,34673.39,3.222,72,530.27,17,En cours,2028-10-22
297,CR000297,C005577,A009,Prêt immobilier,2024-11-19,131040.04,4.581,240,834.73,39,En cours,2044-11-19
298,CR000298,C005831,A007,Prêt immobilier,2021-04-24,134503.23,3.57,180,966.16,91,En cours,2036-04-24
299,CR000299,C005192,A005,Prêt immobilier,2024-11-30,285251.8,3.249,240,1617.85,79,En cours,2044-11-30
300,CR000300,C003222,A008,Prêt personnel,2021-04-25,9237.98,8.589,60,189.93,70,Terminé,2026-04-25
301,CR000301,C002051,A021,Prêt immobilier,2021-04-05,86047.79,4.464,180,656.66,6,En cours,2036-04-05
302,CR000302,C005822,A018,Prêt automobile,2022-08-29,25784.43,2.852,48,569.03,16,En cours,2026-08-29
303,CR000303,C003254,A008,Prêt immobilier,2025-12-26,129282.52,1.252,180,788.19,69,En cours,2040-12-26
304,CR000304,C005370,A017,Prêt personnel,2025-02-08,19353.22,5.847,60,372.78,92,En cours,2030-02-08
305,CR000305,C005359,A017,Prêt immobilier,2021-07-23,178691.66,4.176,240,1099.5,41,En cours,2041-07-23
306,CR000306,C004123,A006,Prêt personnel,2021-06-24,15160.17,5.204,12,1299.24,55,en cours,2022-06-24
307,CR000307,C005204,A005,Prêt personnel,2021-11-22,16265.51,7.032,12,1407.64,65,Terminé,2022-11-22
308,CR000308,C002408,A004,Prêt immobilier,2023-05-10,108654.12,4.464,180,829.19,68,En cours,2038-05-10
309,CR000309,C003404,A013,Prêt immobilier,2025-12-24,207211.32,2.015,180,1334.83,44,En cours,2040-12-24
310,CR000310,C002171,A013,Prêt immobilier,2021-01-25,209740.3,2.959,240,1158.93,40,En cours,2041-01-25
311,CR000311,C002304,A011,Prêt automobile,2024-04-30,5889.55,4.882,60,110.83,47,En cours,2029-04-30
312,CR000312,C000284,A018,PRÊT PERSONNEL,2023-05-21,18915.86,8.712,24,861.67,43,Terminé,2025-05-21
313,CR000313,C001850,A013,Prêt personnel,2024-12-02,1500.0,10.313,12,132.09,2,Terminé,2025-12-02
314,CR000314,C003911,A020,Prêt immobilier,2023-11-04,159022.18,1.696,240,781.8,49,En cours,2043-11-04
315,CR000315,C004399,A011,Prêt automobile,2022-07-26,27314.13,4.682,72,435.87,23,En cours,2028-07-26
316,CR000316,C005784,A014,Prêt personnel,2021-10-18,11084.54,9.604,12,972.47,33,Terminé,2022-10-18
317,CR000317,C000216,A021,Prêt automobile,2021-08-25,34588.95,5.632,36,1046.5,82,Terminé,2024-08-25
318,CR000318,C004780,A020,Prêt automobile,2021-11-01,18638.76,6.83,36,574.07,28,Terminé,2024-11-01
319,CR000319,C003502,A003,PRÊT IMMOBILIER,2022-07-01,191152.17,1.945,240,962.01,79,En cours,2042-07-01
320,CR000320,C002016,A020,Prêt immobilier,2023-02-14,248862.33,4.029,240,1511.88,24,En cours,2043-02-14
321,CR000321,C005635,A011,Prêt automobile,2021-11-17,10410.08,5.138,48,240.39,58,Terminé,2025-11-17
322,CR000322,C001162,A023,PRÊT IMMOBILIER,2023-09-10,185448.35,2.453,300,827.59,59,En cours,2048-09-10
323,CR000323,C005938,A006,Prêt personnel,2023-03-05,3212.84,6.965,36,99.15,78,Terminé,2026-03-05
324,CR000324,C004434,A006,Prêt immobilier,2024-11-29,273862.44,3.132,180,1908.64,95,En cours,2039-11-29
325,CR000325,C005947,A022,Prêt automobile,2023-09-03,35041.82,5.647,72,574.93,56,En cours,2029-09-03
326,CR000326,C004611,A005,Prêt personnel,2023-05-17,13370.23,6.062,24,592.95,46,Terminé,2025-05-17
327,CR000327,C002413,A011,Prêt personnel,2025-08-31,13173.82,6.268,12,1135.45,42,En cours,2026-08-31
328,CR000328,C000402,A018,Prêt personnel,2021-06-01,21321.43,5.538,60,407.64,75,Terminé,2026-06-01
329,CR000329,C001285,A021,Prêt automobile,2025-04-30,21157.02,3.029,60,380.43,64,En cours,2030-04-30
330,CR000330,C005484,A008,Prêt automobile,2021-03-31,30390.54,6.812,72,515.39,62,En cours,2027-03-31
331,CR000331,C004874,A004,Prêt automobile,2026-02-27,28113.23,4.647,72,448.18,69,en cours,2032-02-27
332,CR000332,C003110,A010,Prêt personnel,2022-08-06,1500.0,8.068,36,47.05,41,Terminé,2025-08-06
333,CR000333,C003985,A009,Prêt immobilier,2021-12-11,157934.98,3.106,180,1098.75,28,En cours,2036-12-11
334,CR000334,C003203,A015,Prêt immobilier,2024-07-24,142888.7,1.751,240,706.13,57,En cours,2044-07-24
335,CR000335,C005689,A011,Prêt automobile,2022-09-10,36408.91,3.344,48,811.43,66,En cours,2026-09-10
336,CR000336,C003908,A022,Prêt automobile,2024-12-23,24299.29,3.105,48,538.98,57,En cours,2028-12-23
337,CR000337,C004378,A023,PRÊT AUTOMOBILE,2024-04-16,43887.6,3.474,72,676.17,55,En cours,2030-04-16
338,CR000338,C003102,A010,Prêt immobilier,2021-05-25,258919.65,3.34,300,1274.12,53,En cours,2046-05-25
339,CR000339,C002201,A002,Prêt personnel,2022-06-28,15398.23,5.191,24,676.86,60,Terminé,2024-06-28
340,CR000340,C003712,A024,Prêt immobilier,2023-04-18,281696.94,4.08,240,1718.97,77,En cours,2043-04-18
341,CR000341,C003663,A013,Prêt immobilier,2022-11-19,166647.88,4.725,300,947.67,19,En cours,2047-11-19
342,CR000342,C003155,A012,Prêt immobilier,2022-02-24,182736.06,3.94,300,958.46,70,En cours,2047-02-24
343,CR000343,C001462,A016,Prêt immobilier,2021-05-16,127824.07,1.95,300,538.7,45,En cours,2046-05-16
344,CR000344,C003074,A015,Prêt automobile,2021-02-02,32222.07,2.901,60,577.58,42,Terminé,2026-02-02
345,CR000345,C001340,A016,Prêt automobile,2023-07-02,18230.02,5.897,72,301.24,60,En cours,2029-07-02
346,CR000346,C000352,A020,Prêt immobilier,2022-12-04,219193.94,4.499,180,1676.74,41,En cours,2037-12-04
347,CR000347,C000734,A008,Prêt personnel,2023-01-01,14148.53,7.194,36,438.12,20,Terminé,2026-01-01
348,CR000348,C002086,A021,Prêt automobile,2022-09-16,24749.17,4.212,72,389.6,82,en cours,2028-09-16
349,CR000349,C002335,A020,Prêt automobile,2021-12-29,16990.64,6.718,60,334.18,66,En cours,2026-12-29
350,CR000350,C001261,A014,Prêt immobilier,2021-04-08,192673.7,1.67,240,944.92,64,En cours,2041-04-08
351,CR000351,C002581,A007,Prêt immobilier,2023-09-05,207087.86,3.939,300,1086.14,50,En cours,2048-09-05
352,CR000352,C001652,A009,Prêt personnel,2023-09-28,9367.49,5.732,24,414.04,78,Terminé,2025-09-28
353,CR000353,C005664,A004,Prêt personnel,2021-08-28,17941.24,5.195,12,1537.51,74,Terminé,2022-08-28
354,CR000354,C000264,A010,Prêt automobile,2021-04-12,40441.66,6.083,48,951.31,50,Terminé,2025-04-12
355,CR000355,C002977,A010,Prêt immobilier,2022-06-19,72370.58,4.489,300,401.82,60,En cours,2047-06-19
356,CR000356,C000181,A008,Prêt immobilier,2023-06-19,163378.47,4.55,240,1038.04,79,en cours,2043-06-19
357,CR000357,C005229,A022,Prêt personnel,2024-03-12,12707.47,-10.98,36,415.9,48,En cours,2027-03-12
358,CR000358,C002197,A007,Prêt automobile,2025-09-11,21579.74,3.477,60,392.35,52,En cours,2030-09-11
359,CR000359,C002202,A010,Prêt personnel,2021-03-28,12984.2,4.191,12,1106.73,74,Terminé,2022-03-28
360,CR000360,C000469,A008,Prêt immobilier,2021-05-21,98672.59,4.673,240,633.52,20,En cours,2041-05-21
361,CR000361,C004168,A022,Prêt automobile,2024-10-19,32494.96,6.285,60,632.53,35,En cours,2029-10-19
362,CR000362,C004258,A025,Prêt automobile,2021-10-18,24522.58,4.288,48,556.86,47,Terminé,2025-10-18
363,CR000363,C001013,A015,Prêt immobilier,2023-06-27,115711.26,1.738,180,730.74,58,En cours,2038-06-27
364,CR000364,C004745,A012,Prêt automobile,2023-07-05,21143.12,6.269,72,353.1,57,En cours,2029-07-05
365,CR000365,C001269,A018,PRÊT AUTOMOBILE,2022-06-16,14301.64,4.901,60,269.24,40,En cours,2027-06-16
366,CR000366,C002121,A016,Prêt immobilier,2025-10-21,108764.16,4.608,240,694.48,52,En cours,2045-10-21
367,CR000367,C000306,A025,Prêt immobilier,2025-05-04,202889.1,2.133,180,1318.04,62,En cours,2040-05-04
368,CR000368,C002234,A024,Prêt immobilier,2023-01-16,212092.62,1.362,300,834.57,55,En cours,2048-01-16
369,CR000369,C003744,A005,Prêt immobilier,2021-11-13,81582.61,3.057,300,389.31,53,En cours,2046-11-13
370,CR000370,C005340,A999,Prêt immobilier,2023-09-29,216146.01,3.548,180,1550.33,76,En cours,2038-09-29
371,CR000371,C005636,A011,Prêt immobilier,2024-03-01,135275.79,2.476,240,715.27,68,En cours,2044-03-01
372,CR000372,C005142,A025,Prêt personnel,2024-06-04,2313.78,4.612,24,101.11,47,Terminé,2026-06-04
373,CR000373,C005988,A011,Prêt immobilier,2024-10-14,143601.09,1.802,300,594.95,23,En cours,2049-10-14
374,CR000374,C003467,A999,Prêt personnel,2021-08-01,13009.61,11.281,24,608.05,50,Terminé,2023-08-01
375,CR000375,C003762,A009,Prêt automobile,2023-05-07,31239.76,2.907,36,907.21,47,Terminé,2026-05-07
376,CR000376,C001296,A005,Prêt immobilier,2025-03-24,175507.08,1.88,180,1119.69,51,En cours,2040-03-24
377,CR000377,C004086,A002,Prêt immobilier,2025-07-28,199843.58,1.249,300,775.91,53,En cours,2050-07-28
378,CR000378,C003780,A009,Prêt immobilier,2022-11-27,198168.35,2.411,180,1313.12,48,En cours,2037-11-27
379,CR000379,C002369,A005,Prêt immobilier,2021-11-09,197945.31,3.749,300,1017.57,21,En cours,2046-11-09
380,CR000380,C000183,A999,Prêt automobile,2023-10-13,23601.56,6.266,60,459.21,52,En cours,2028-10-13
381,CR000381,C000863,A016,Prêt automobile,2023-03-29,18255.91,4.486,60,340.23,62,En cours,2028-03-29
382,CR000382,C005594,A016,PRÊT IMMOBILIER,2023-07-23,152735.71,1.38,180,939.87,58,En cours,2038-07-23
383,CR000383,C000580,A007,Prêt personnel,2021-12-15,16608.0,10.756,36,541.81,90,Terminé,2024-12-15
384,CR000384,C002899,A015,Prêt immobilier,2024-05-30,206551.73,2.763,240,1121.19,99,En cours,2044-05-30
385,CR000385,C005835,A022,Prêt automobile,2023-11-21,19182.46,5.74,36,581.31,40,En cours,2026-11-21
386,CR000386,C000427,A024,Prêt immobilier,2022-07-24,164379.67,2.008,180,1058.43,35,En cours,2037-07-24
387,CR000387,C003281,A015,Prêt immobilier,2024-10-28,340682.18,3.292,180,2400.76,81,En cours,2039-10-28
388,CR000388,C000309,A017,Prêt immobilier,2023-03-31,71584.88,2.85,240,391.65,93,En cours,2043-03-31
389,CR000389,C002139,A019,Prêt automobile,2021-11-09,15714.0,3.733,60,287.51,32,En cours,2026-11-09
390,CR000390,C001316,A003,Prêt immobilier,2024-04-14,186955.53,4.387,300,1027.25,76,en cours,2049-04-14
391,CR000391,C002830,A015,Prêt immobilier,2022-04-04,224461.15,4.128,300,1200.68,15,En cours,2047-04-04
392,CR000392,C005014,A011,Prêt personnel,2024-03-28,7585.07,7.41,24,341.01,96,Terminé,2026-03-28
393,CR000393,C005096,A004,Prêt immobilier,2023-04-13,159184.46,1.836,180,1012.42,63,En cours,2038-04-13
394,CR000394,C000796,A024,Prêt immobilier,2024-09-24,122852.94,4.64,180,948.61,42,En cours,2039-09-24
395,CR000395,C005738,A020,Prêt immobilier,2023-07-04,147079.67,1.711,240,724.06,57,En cours,2043-07-04
396,CR000396,C000165,A025,Prêt immobilier,2023-03-06,181884.69,3.51,240,1055.79,68,En cours,2043-03-06
397,CR000397,C005828,A001,Prêt immobilier,2025-05-11,265408.01,3.569,180,1906.35,43,En cours,2040-05-11
398,CR000398,C005851,A019,Prêt personnel,2024-04-03,1500.0,4.721,12,128.22,53,Terminé,2025-04-03
399,CR000399,C004341,A008,Prêt automobile,2021-01-19,15250.43,5.068,36,457.54,72,Terminé,2024-01-19
400,CR000400,C003902,A006,Prêt automobile,2021-12-13,32543.59,4.403,36,966.66,69,Terminé,2024-12-13
401,CR000401,C004630,A024,Prêt immobilier,2021-04-09,236317.47,2.22,300,1027.11,22,En cours,2046-04-09
402,CR000402,C005209,A012,Prêt personnel,2023-05-25,13390.86,8.502,12,1167.96,41,Terminé,2024-05-25
403,CR000403,C003019,A017,Prêt immobilier,2025-10-07,45000.0,4.275,240,279.26,52,En cours,2045-10-07
404,CR000404,C003804,A007,Prêt automobile,2025-01-29,25065.64,4.328,60,465.35,43,En cours,2030-01-29
405,CR000405,C002412,A003,Prêt personnel,2021-08-12,6747.74,9.58,48,169.78,45,Terminé,2025-08-12
406,CR000406,C003782,A004,Prêt automobile,2021-04-16,13147.74,3.224,48,292.32,57,Terminé,2025-04-16
407,CR000407,C004131,A010,Prêt immobilier,2024-12-20,85809.1,3.452,300,427.35,51,En cours,2049-12-20
408,CR000408,C005123,A018,Prêt immobilier,2024-01-03,174933.34,3.539,300,879.44,8,En cours,2049-01-03
409,CR000409,C000692,A004,Prêt automobile,2022-07-03,9161.86,5.667,36,277.34,21,Terminé,2025-07-03
410,CR000410,C002632,A009,PRÊT PERSONNEL,2026-02-02,9072.89,4.716,36,270.77,64,En cours,2029-02-02
411,CR000411,C001459,A011,Prêt immobilier,2021-12-29,220252.69,4.057,180,1635.45,17,En cours,2036-12-29
412,CR000412,C005356,A019,Prêt immobilier,2022-05-08,173374.51,1.23,300,671.59,80,En cours,2047-05-08
413,CR000413,C000743,A006,Prêt immobilier,2022-07-17,234106.44,3.117,180,1629.92,90,En cours,2037-07-17
414,CR000414,C003008,A004,Prêt immobilier,2021-05-18,93991.17,3.101,240,526.03,31,En cours,2041-05-18
415,CR000415,C004617,A021,Prêt automobile,2023-03-30,30522.99,4.845,60,573.84,65,En cours,2028-03-30
416,CR000416,C003120,A004,Prêt personnel,2021-03-16,23964.2,10.67,60,517.1,67,Terminé,2026-03-16
417,CR000417,C004628,A012,Prêt automobile,2023-12-31,32049.57,6.663,72,541.24,87,En cours,2029-12-31
418,CR000418,C002000,A001,Prêt immobilier,2023-04-25,123759.64,2.667,180,834.97,52,En cours,2038-04-25
419,CR000419,C001015,A002,Prêt immobilier,2023-09-14,230803.35,4.062,240,1406.18,41,En cours,2043-09-14
420,CR000420,C003017,A010,Prêt immobilier,2021-07-14,327689.55,3.255,180,2303.33,90,En cours,2036-07-14
421,CR000421,C004253,A025,Prêt personnel,2023-02-09,11932.53,6.421,24,531.12,21,Terminé,2025-02-09
422,CR000422,C004985,A021,Prêt immobilier,2025-12-09,108644.44,1.911,240,545.07,54,En cours,2045-12-09
423,CR000423,C003894,A017,Prêt immobilier,2025-03-19,291299.39,1.997,300,1234.29,67,En cours,2050-03-19
424,CR000424,C003197,A999,Prêt personnel,2023-03-17,10177.56,6.502,60,199.14,59,En cours,2028-03-17
425,CR000425,C001479,A009,Prêt immobilier,2025-01-29,234890.92,3.48,240,1359.86,18,En cours,2045-01-29
426,CR000426,C002767,A014,Prêt automobile,2024-10-11,31110.22,7.332,48,749.78,76,En cours,2028-10-11
427,CR000427,C003407,A020,Prêt personnel,2023-07-16,18924.38,6.664,36,581.43,50,En cours,2026-07-16
428,CR000428,C003387,A015,Prêt immobilier,2021-11-17,259595.44,2.548,300,1170.88,61,En cours,2046-11-17
429,CR000429,C002632,A009,Prêt automobile,2022-06-22,27713.52,3.868,60,508.73,64,En cours,2027-06-22
430,CR000430,C003050,A003,Prêt immobilier,2022-07-30,192472.91,1.468,300,766.89,65,En cours,2047-07-30
431,CR000431,C004402,A002,Prêt personnel,2026-01-01,16572.67,4.254,36,491.17,55,En cours,2029-01-01
432,CR000432,C004487,A008,Prêt automobile,2025-03-12,22001.54,3.91,48,495.89,60,en cours,2029-03-12
433,CR000433,C003377,A002,Prêt automobile,2023-08-06,15945.26,5.956,36,484.77,25,En cours,2026-08-06
434,CR000434,C000665,A003,Prêt personnel,2021-06-27,20803.69,9.992,24,959.91,52,Terminé,2023-06-27
435,CR000435,C002137,A016,Prêt immobilier,2021-04-09,205657.8,2.918,300,966.54,31,En cours,2046-04-09
436,CR000436,C001390,A022,Prêt personnel,2026-01-02,11883.48,4.637,24,519.41,73,En cours,2028-01-02
437,CR000437,C003860,A013,Prêt immobilier,2025-03-05,63726.96,2.638,240,342.0,54,En cours,2045-03-05
438,CR000438,C000670,A021,Prêt immobilier,2021-03-07,140697.99,4.789,240,912.21,42,En cours,2041-03-07
439,CR000439,C002556,A019,Prêt immobilier,2025-02-10,149568.75,1.752,180,945.53,30,En cours,2040-02-10
440,CR000440,C005656,A016,Prêt automobile,2021-03-14,5000.0,7.438,72,86.3,33,En cours,2027-03-14
441,CR000441,C000175,A015,Prêt personnel,2023-07-06,12794.54,7.527,12,1110.18,80,Terminé,2024-07-06
442,CR000442,C004994,A003,Prêt immobilier,2022-12-17,123016.52,1.89,180,785.43,86,En cours,2037-12-17
443,CR000443,C004521,A012,Prêt personnel,2024-02-05,12990.87,9.067,48,323.69,66,En cours,2028-02-05
444,CR000444,C000506,A014,Prêt personnel,2024-09-17,12572.52,3.712,24,544.35,93,En cours,2026-09-17
445,CR000445,C005078,A010,Prêt immobilier,2024-07-20,76515.58,1.99,300,323.96,24,En cours,2049-07-20
446,CR000446,C002711,A004,Prêt automobile,2022-10-20,19226.84,4.917,36,575.53,65,Terminé,2025-10-20
447,CR000447,C004628,A012,Prêt personnel,2023-02-24,5275.27,6.602,24,235.24,99,Terminé,2025-02-24
448,CR000448,C001566,A006,Prêt immobilier,2025-10-28,252619.3,3.704,300,1292.44,51,en cours,2050-10-28
449,CR000449,C003538,A015,Prêt immobilier,2024-11-03,130890.18,3.786,300,675.53,21,En cours,2049-11-03
450,CR000450,C004329,A007,Prêt immobilier,2025-07-16,230069.74,4.141,180,1718.1,74,En cours,2040-07-16
451,CR000451,C005476,A017,Prêt personnel,2024-04-16,6323.97,10.813,12,558.37,24,Terminé,2025-04-16
452,CR000452,C002350,A022,Prêt immobilier,2021-12-17,188685.78,2.229,180,1234.17,65,En cours,2036-12-17
453,CR000453,C005086,A017,Prêt personnel,2025-10-04,11915.93,7.83,36,372.47,65,En cours,2028-10-04
454,CR000454,C004686,A003,Prêt personnel,2021-10-18,11731.29,4.154,24,510.23,39,Terminé,2023-10-18
455,CR000455,C005007,A005,Prêt automobile,2021-05-08,18064.86,3.853,72,281.42,27,En cours,2027-05-08
456,CR000456,C004761,A001,Prêt personnel,2023-10-28,15396.37,9.347,48,385.68,67,En cours,2027-10-28
457,CR000457,C003535,A004,Prêt personnel,2023-01-01,6361.32,4.876,48,146.14,99,En cours,2027-01-01
458,CR000458,C002139,A019,Prêt immobilier,2022-03-19,200807.81,3.042,180,1390.82,17,En cours,2037-03-19
459,CR000459,C001900,A011,Prêt immobilier,2025-08-18,226162.74,3.12,240,1267.98,71,En cours,2045-08-18
460,CR000460,C001864,A016,Prêt automobile,2022-10-09,26608.13,3.516,48,595.04,57,En cours,2026-10-09
461,CR000461,C001487,A016,Prêt automobile,2024-07-18,27458.89,7.113,48,658.98,37,En cours,2028-07-18
462,CR000462,C002495,A002,Prêt personnel,2025-09-24,8980.54,9.555,24,412.56,72,En cours,2027-09-24
463,CR000463,C005682,A005,Prêt personnel,2025-06-20,14932.01,5.506,48,347.31,49,En cours,2029-06-20
464,CR000464,C003059,A019,Prêt automobile,2023-06-29,5000.0,6.704,48,119.05,49,En cours,2027-06-29
465,CR000465,C003399,A019,Prêt personnel,2023-07-28,17088.95,8.35,48,420.0,84,En cours,2027-07-28
466,CR000466,C000981,A017,Prêt immobilier,2023-11-20,223566.16,4.59,240,1425.33,75,En cours,2043-11-20
467,CR000467,C002340,A013,Prêt immobilier,2022-02-14,139006.86,-2.208,180,907.87,56,En cours,2037-02-14
468,CR000468,C005116,A015,PRÊT AUTOMOBILE,2025-04-04,15161.46,4.29,36,449.59,38,En cours,2028-04-04
469,CR000469,C001712,A004,Prêt personnel,2024-12-02,14128.06,6.985,48,338.21,83,En cours,2028-12-02
470,CR000470,C003161,A006,Prêt automobile,2021-01-17,24926.1,4.19,72,392.13,27,En cours,2027-01-17
471,CR000471,C005419,A013,Prêt immobilier,2021-12-06,366489.5,2.439,180,2433.23,37,En cours,2036-12-06
472,CR000472,C000984,A025,Prêt automobile,2024-11-27,28567.83,5.322,60,543.34,54,En cours,2029-11-27
473,CR000473,C005499,A016,Prêt personnel,2026-03-04,6136.85,5.577,60,117.44,38,En cours,2031-03-04
474,CR000474,C001374,A023,Prêt immobilier,2024-01-16,234958.03,3.845,300,1220.15,60,En cours,2049-01-16
475,CR000475,C004495,A015,Prêt immobilier,2026-02-23,73383.82,2.457,240,387.34,39,En cours,2046-02-23
476,CR000476,C000091,A024,Prêt automobile,2021-04-14,39141.3,4.816,36,1169.87,84,Terminé,2024-04-14
477,CR000477,C002454,A009,Prêt automobile,2023-07-17,28263.38,5.033,36,847.5,80,en cours,2026-07-17
478,CR000478,C003564,A005,Prêt immobilier,2025-10-09,291116.53,-3.078,300,1392.31,22,En cours,2050-10-09
479,CR000479,C003180,A023,Prêt automobile,2023-06-09,24052.15,7.177,72,412.11,75,En cours,2029-06-09
480,CR000480,C005720,A013,Prêt automobile,2024-09-21,15533.57,3.872,36,457.73,76,En cours,2027-09-21
481,CR000481,C000816,A025,Prêt immobilier,2023-05-13,300080.47,-4.158,180,2243.49,58,En cours,2038-05-13
482,CR000482,C002093,A006,Prêt immobilier,2024-09-22,310100.22,2.403,240,1628.56,45,En cours,2044-09-22
483,CR000483,C000286,A025,Prêt immobilier,2023-04-17,217578.83,2.172,240,1118.5,64,En cours,2043-04-17
484,CR000484,C003621,A009,Prêt immobilier,2022-12-30,236348.66,1.628,300,959.5,39,En cours,2047-12-30
485,CR000485,C005293,A015,Prêt automobile,2025-04-20,27786.21,5.226,72,450.41,43,En cours,2031-04-20
486,CR000486,C000259,A023,Prêt immobilier,2022-10-30,140490.03,3.81,180,1025.85,22,En cours,2037-10-30
487,CR000487,C002245,A019,Prêt immobilier,2024-07-20,282933.34,3.04,300,1347.57,40,En cours,2049-07-20
488,CR000488,C002099,A024,Prêt personnel,2025-07-17,15451.88,11.184,36,507.22,99,En cours,2028-07-17
489,CR000489,C001415,A010,Prêt immobilier,2023-06-14,144727.06,4.174,180,1083.22,48,En cours,2038-06-14
490,CR000490,C005359,A017,Prêt immobilier,2024-04-06,296121.87,1.538,240,1434.11,51,En cours,2044-04-06
491,CR000491,C001684,A005,Prêt immobilier,2022-03-18,116611.77,2.934,240,642.85,63,En cours,2042-03-18
492,CR000492,C004332,A009,Prêt personnel,2022-02-25,17300.9,6.299,12,1491.41,37,Terminé,2023-02-25
493,CR000493,C003186,A001,Prêt automobile,2022-11-10,37100.63,4.545,72,589.71,79,En cours,2028-11-10
494,CR000494,C002501,A025,Prêt automobile,2021-07-29,23856.03,3.99,72,373.12,49,En cours,2027-07-29
495,CR000495,C004136,A006,Prêt immobilier,2022-03-17,228314.07,2.365,180,1507.88,50,En cours,2037-03-17
496,CR000496,C004823,A004,Prêt personnel,2023-06-06,11054.45,5.875,36,335.67,58,Terminé,2026-06-06
497,CR000497,C005555,A023,Prêt automobile,2023-04-15,25714.53,4.866,36,769.15,35,Terminé,2026-04-15
498,CR000498,C000074,A008,Prêt immobilier,2023-09-03,276938.19,2.182,240,1425.02,97,En cours,2043-09-03
499,CR000499,C005052,A006,Prêt automobile,2026-01-27,24875.97,4.465,72,394.48,26,En cours,2032-01-27
500,CR000500,C004361,A002,Prêt automobile,2024-08-17,18500.94,4.265,72,291.69,64,En cours,2030-08-17
501,CR000501,C001870,A025,Prêt personnel,2022-08-03,19573.13,5.935,48,459.09,15,En cours,2026-08-03
502,CR000502,C002117,A022,PRÊT PERSONNEL,2023-09-04,22264.02,8.758,24,1014.66,58,Terminé,2025-09-04
503,CR000503,C005224,A008,Prêt automobile,2025-01-04,29169.9,4.384,72,461.5,63,En cours,2031-01-04
504,CR000504,C002632,A009,Prêt immobilier,2022-02-10,127686.22,2.142,300,550.09,68,En cours,2047-02-10
505,CR000505,C001420,A009,Prêt immobilier,2022-07-03,156997.53,3.666,240,923.97,32,En cours,2042-07-03
506,CR000506,C000269,A011,Prêt automobile,2023-10-19,29602.77,3.01,36,861.01,85,En cours,2026-10-19
507,CR000507,C003714,A022,Prêt automobile,2024-02-19,24147.66,2.973,48,534.21,63,En cours,2028-02-19
508,CR000508,C005298,A012,Prêt immobilier,2022-03-27,148981.9,2.107,300,639.24,55,En cours,2047-03-27
509,CR000509,C005088,A014,Prêt immobilier,2025-01-21,62092.25,3.689,180,449.68,55,En cours,2040-01-21
510,CR000510,C002992,A018,Prêt immobilier,2022-12-31,137324.4,3.699,300,702.26,34,En cours,2047-12-31
511,CR000511,C000749,A016,Prêt automobile,2025-06-07,18270.64,6.955,48,437.14,73,En cours,2029-06-07
512,CR000512,C000331,A003,Prêt immobilier,2021-03-21,253310.02,3.328,300,1244.93,82,en cours,2046-03-21
513,CR000513,C002754,A001,Prêt immobilier,2025-05-26,216022.87,3.693,240,1274.36,42,En cours,2045-05-26
514,CR000514,C001469,A025,Prêt automobile,2025-10-26,16166.0,-4.506,60,301.43,17,En cours,2030-10-26
515,CR000515,C000749,A016,Prêt personnel,2023-05-12,6711.55,4.615,48,153.39,59,En cours,2027-05-12
516,CR000516,C004811,A005,Prêt immobilier,2022-12-12,219343.7,2.899,180,1504.1,21,En cours,2037-12-12
517,CR000517,C005973,A006,Prêt automobile,2024-12-15,21522.85,4.065,36,636.06,7,En cours,2027-12-15
518,CR000518,C005429,A020,Prêt personnel,2023-09-16,12411.11,7.474,24,558.35,54,Terminé,2025-09-16
519,CR000519,C005254,A023,Prêt automobile,2023-12-16,19110.9,6.044,60,369.86,60,En cours,2028-12-16
520,CR000520,C004232,A015,Prêt immobilier,2024-03-10,151248.16,1.685,240,742.76,50,En cours,2044-03-10
521,CR000521,C001143,A018,Prêt immobilier,2024-10-22,81147.97,1.867,240,405.44,46,En cours,2044-10-22
522,CR000522,C005643,A020,PRÊT IMMOBILIER,2022-01-11,277623.16,4.336,240,1731.91,32,En cours,2042-01-11
523,CR000523,C002890,A025,Prêt automobile,2026-03-20,42432.44,3.334,60,768.76,35,En cours,2031-03-20
524,CR000524,C005291,A012,Prêt automobile,2024-06-04,33344.94,4.976,60,628.9,55,En cours,2029-06-04
525,CR000525,C004056,A021,Prêt personnel,2021-02-18,21075.95,11.149,60,459.81,35,en cours,2026-02-18
526,CR000526,C002066,A011,Prêt immobilier,2023-12-18,45000.0,3.569,300,226.96,33,En cours,2048-12-18
527,CR000527,C001490,A023,Prêt personnel,2021-11-12,2407.61,10.019,36,77.71,66,Terminé,2024-11-12
528,CR000528,C005500,A009,Prêt immobilier,2025-11-05,80070.76,1.975,180,514.36,34,En cours,2040-11-05
529,CR000529,C004161,A021,Prêt automobile,2022-09-24,16399.69,4.752,60,307.62,69,En cours,2027-09-24
530,CR000530,C001279,A019,Prêt automobile,2021-06-25,10054.44,3.35,48,224.11,70,Terminé,2025-06-25
531,CR000531,C003673,A025,Prêt immobilier,2025-04-09,126567.45,1.535,180,787.63,81,En cours,2040-04-09
532,CR000532,C003555,A022,Prêt immobilier,2024-02-23,116769.39,-3.696,180,846.07,40,En cours,2039-02-23
533,CR000533,C005898,A024,Prêt personnel,2025-11-13,14009.56,10.964,24,652.72,38,En cours,2027-11-13
534,CR000534,C005905,A019,Prêt personnel,2024-02-09,13633.67,9.851,12,1197.67,56,Terminé,2025-02-09
535,CR000535,C002760,A007,Prêt immobilier,2024-09-09,233265.07,-1.493,180,1447.2,75,En cours,2039-09-09
536,CR000536,C000172,A002,Prêt automobile,2025-06-07,17136.13,6.532,36,525.46,29,en cours,2028-06-07
537,CR000537,C001835,A004,Prêt immobilier,2024-04-24,145515.3,1.381,180,895.51,39,En cours,2039-04-24
538,CR000538,C003618,A018,Prêt personnel,2021-11-24,10388.57,9.101,12,908.98,55,Terminé,2022-11-24
539,CR000539,C000149,A022,Prêt immobilier,2022-08-20,165856.26,3.874,180,1216.39,50,En cours,2037-08-20
540,CR000540,C000687,A013,Prêt immobilier,2025-06-02,126357.99,3.86,180,925.81,61,En cours,2040-06-02
541,CR000541,C003973,A001,Prêt automobile,2022-05-05,5000.0,6.906,36,154.17,26,Terminé,2025-05-05
542,CR000542,C004305,A009,Prêt personnel,2024-05-08,12326.78,5.039,48,284.09,50,en cours,2028-05-08
543,CR000543,C003223,A023,Prêt immobilier,2021-04-09,302591.4,4.262,300,1641.26,54,En cours,2046-04-09
544,CR000544,C000049,A011,Prêt automobile,2025-09-03,32787.92,6.567,72,552.22,61,En cours,2031-09-03
545,CR000545,C003801,A024,Prêt personnel,2022-12-10,14403.1,11.172,36,472.71,62,Terminé,2025-12-10
546,CR000546,C004357,A001,Prêt personnel,2021-10-21,11609.88,11.071,24,541.49,66,Terminé,2023-10-21
547,CR000547,C003395,A011,Prêt personnel,2023-07-16,17771.29,4.393,48,404.39,26,En cours,2027-07-16
548,CR000548,C004775,A009,Prêt immobilier,2021-12-16,213719.84,4.739,180,1661.13,27,En cours,2036-12-16
549,CR000549,C005068,A001,Prêt personnel,2025-09-12,15675.19,10.382,60,336.0,62,En cours,2030-09-12
550,CR000550,C003789,A010,Prêt immobilier,2022-12-16,138216.7,1.773,240,684.48,45,En cours,2042-12-16
551,CR000551,C001872,A013,Prêt personnel,2021-05-02,1500.0,6.628,60,29.44,66,Terminé,2026-05-02
552,CR000552,C000328,A020,Prêt immobilier,2025-09-11,64590.01,1.75,180,408.26,74,En cours,2040-09-11
553,CR000553,C005928,A014,Prêt automobile,2022-12-08,21379.66,3.074,72,325.54,22,En cours,2028-12-08
554,CR000554,C001267,A024,Prêt immobilier,2021-09-19,296457.49,1.771,300,1223.76,53,En cours,2046-09-19
555,CR000555,C000436,A015,Prêt immobilier,2025-07-27,58634.67,2.079,300,250.79,81,En cours,2050-07-27
556,CR000556,C000482,A007,Prêt personnel,2022-01-28,8893.44,11.036,12,786.17,49,Terminé,2023-01-28
557,CR000557,C003261,A006,Prêt immobilier,2021-08-18,113395.35,3.568,300,571.82,51,En cours,2046-08-18
558,CR000558,C003271,A025,Prêt personnel,2023-07-30,18782.33,10.3,36,608.7,77,En cours,2026-07-30
559,CR000559,C000318,A007,Prêt personnel,2021-11-01,9437.04,10.68,12,832.65,69,Terminé,2022-11-01
560,CR000560,C001732,A021,Prêt personnel,2021-04-06,11586.97,9.671,12,1016.91,75,Terminé,2022-04-06
561,CR000561,C003962,A016,Prêt immobilier,2022-03-12,287479.23,1.36,300,1130.98,36,En cours,2047-03-12
562,CR000562,C002872,A017,Prêt automobile,2024-10-05,24177.01,7.384,36,750.77,51,En cours,2027-10-05
563,CR000563,C001958,A016,Prêt immobilier,2024-02-19,375563.88,1.467,300,1496.12,50,En cours,2049-02-19
564,CR000564,C004003,A022,Prêt automobile,2021-08-02,23404.44,6.816,60,461.41,81,En cours,2026-08-02
565,CR000565,C005775,A009,Prêt immobilier,2022-08-27,139359.61,4.347,300,762.53,71,En cours,2047-08-27
566,CR000566,C004436,A999,Prêt immobilier,2023-11-20,214253.69,2.554,180,1434.09,73,En cours,2038-11-20
567,CR000567,C003512,A017,Prêt automobile,2025-11-29,29823.55,6.6,60,584.93,42,En cours,2030-11-29
568,CR000568,C001514,A018,Prêt immobilier,2021-01-14,163762.65,3.555,240,954.4,44,En cours,2041-01-14
569,CR000569,C000948,A013,Prêt immobilier,2024-11-20,210736.82,1.628,180,1320.34,47,En cours,2039-11-20
570,CR000570,C005054,A004,Prêt immobilier,2022-04-05,354241.95,2.522,180,2365.78,37,En cours,2037-04-05
571,CR000571,C004853,A002,Prêt automobile,2024-12-01,5935.32,-5.702,60,113.93,35,En cours,2029-12-01
572,CR000572,C005959,A019,Prêt automobile,2024-01-25,36647.56,7.335,36,1137.19,39,En cours,2027-01-25
573,CR000573,C002919,A008,Prêt personnel,2024-08-13,15965.03,11.34,24,746.62,66,En cours,2026-08-13
574,CR000574,C000501,A005,Prêt personnel,2025-08-17,10748.65,7.598,12,933.01,28,En cours,2026-08-17
575,CR000575,C003758,A022,Prêt immobilier,2024-04-24,104540.87,1.347,180,641.76,56,En cours,2039-04-24
576,CR000576,C002312,A006,Prêt immobilier,2022-07-18,263932.79,3.319,300,1295.79,65,En cours,2047-07-18
577,CR000577,C005841,A022,Prêt automobile,2025-11-26,10190.74,4.374,48,231.81,54,En cours,2029-11-26
578,CR000578,C001968,A003,Prêt personnel,2025-08-18,8610.93,5.945,36,261.75,59,en cours,2028-08-18
579,CR000579,C002702,A001,Prêt immobilier,2025-11-03,158415.87,4.76,240,1024.56,29,En cours,2045-11-03
580,CR000580,C005015,A021,Prêt personnel,2022-06-14,21384.37,6.094,12,1841.4,25,Terminé,2023-06-14
581,CR000581,C003752,A023,Prêt automobile,2023-02-23,18342.98,4.11,48,415.07,77,En cours,2027-02-23
582,CR000582,C004444,A017,Prêt automobile,2024-07-25,18055.27,6.396,72,302.61,63,En cours,2030-07-25
583,CR000583,C000131,A009,Prêt immobilier,2023-05-16,181838.4,1.719,300,746.1,34,En cours,2048-05-16
584,CR000584,C002766,A004,Prêt automobile,2023-09-01,24952.56,6.192,48,588.21,67,En cours,2027-09-01
585,CR000585,C004290,A011,PRÊT IMMOBILIER,2024-08-06,256870.58,4.149,180,1919.23,45,En cours,2039-08-06
586,CR000586,C005330,A008,Prêt automobile,2021-04-07,15594.98,-3.707,60,285.15,49,Terminé,2026-04-07
587,CR000587,C001403,A024,Prêt personnel,2023-10-10,14433.2,7.835,24,651.69,55,Terminé,2025-10-10
588,CR000588,C001293,A007,Prêt automobile,2025-02-04,5000.0,7.458,72,86.35,28,En cours,2031-02-04
589,CR000589,C004803,A023,Prêt personnel,2023-08-20,6213.96,4.469,24,271.14,7,Terminé,2025-08-20
590,CR000590,C003709,A021,Prêt immobilier,2024-08-07,224794.12,4.03,240,1365.75,35,En cours,2044-08-07
591,CR000591,C000150,A004,Prêt immobilier,2023-05-21,83484.02,1.536,180,519.56,86,En cours,2038-05-21
592,CR000592,C004175,A006,Prêt immobilier,2023-07-12,61955.61,2.37,300,273.89,50,En cours,2048-07-12
593,CR000593,C005465,A011,Prêt personnel,2021-07-13,11553.91,6.817,24,516.34,59,Terminé,2023-07-13
594,CR000594,C005419,A013,Prêt immobilier,2022-10-18,163499.67,2.401,180,1082.62,46,En cours,2037-10-18
595,CR000595,C001076,A022,Prêt immobilier,2024-12-08,277901.44,1.524,240,1344.13,53,En cours,2044-12-08
596,CR000596,C001442,A014,Prêt immobilier,2025-09-02,128168.83,3.661,300,652.78,37,En cours,2050-09-02
597,CR000597,C004568,A009,Prêt immobilier,2021-10-09,299177.57,2.932,180,2056.3,13,En cours,2036-10-09
598,CR000598,C003123,A006,Prêt immobilier,2024-06-02,266181.8,1.32,300,1042.14,15,En cours,2049-06-02
599,CR000599,C002729,A016,Prêt personnel,2023-01-18,23508.08,10.894,12,2076.52,11,Terminé,2024-01-18
600,CR000600,C002213,A024,Prêt immobilier,2023-01-12,88251.77,3.983,180,652.04,63,En cours,2038-01-12
